identifiant,week_day,date,time,type_event,phase,location,country,total_occupants,total_fatalities,aircraft_damage,aircraft_fate,type_aircraft,number_engines,type_engines,first_flight,cycles,total_airframe_hours,registration,c_n_msn,operator,nature,flight_number,departure_airport_name,departure_airport_IATA,departure_airport_ICAO,departure_airport_country,destination_airport_name,destination_airport_IATA,destination_airport_ICAO,destination_airport_country,crew_number,passengers_number,crew_fatalities,passengers_fatalities,collision_casualties,ground_casualties,status
19470908-0,Monday,08-SEP-1947,-,A1, En route (ENR),"6,5 km (4.1 mls) S of Larkspur, CO",United States of America,3,3, Damaged beyond repair,-,Douglas C-47B-5-DK (DC-3),-,-,1944,-,-, 43-48721, 25982/14537,USAAF,Military,-,-,-,-,-,-,-,-,-,3,0,3,0,-,-,-
19470913-0,Saturday,13-SEP-1947,-,U1, Unknown (UNK),Zamboanga,Philippines,-,-, Damaged beyond repair,-,Douglas DC-3,-,-,-,-,-, PI-C59,-,Philippine Air Lines,Unknown,-,-,-,-,-,-,-,-,-,-,-,-,-,-,-,-
19470917-0,Wednesday,17-SEP-1947,11:12,A1, Landing (LDG),"Hollywood-Lockheed Air Terminal, CA (BUR)",United States of America,2,0, Damaged beyond repair,-,Curtiss C-46E-1-CS Commando,2,Pratt & Whitney R-2800-75,1945,-,3811.0, NC59495,  2937,Slick Airways,Cargo,-,-,-,-,-,Hollywood-Lockheed Air Terminal,BUR,KBUR,United States of America,2,0,0,0,-,-,Final
19470917-1,Wednesday,17-SEP-1947,-,A1, Landing (LDG),Carlota,Venezuela,2,0, Damaged beyond repair,-,Douglas C-47A (DC-3),-,-,-,-,-, YV-C-CAJ,-,C.A. Vuelos Express,Cargo,-,-,-,-,-,-,-,-,-,2,0,0,0,-,-,-
19470917-2,Wednesday,17-SEP-1947,-,A1, Unknown (UNK),"Buenos Aires-Jorge Newbery Airport, BA (AEP)",Argentina,-,-, Damaged beyond repair,-,Vickers 615 Viking 1B,-,-,1946,-,-, T-4, 161,LADE,Military,-,-,-,-,-,-,-,-,-,-,-,-,-,-,-,-
19470918-0,Thursday,18-SEP-1947,-,A1, Unknown (UNK),Junagarh,India,-,-, Damaged beyond repair,-,Douglas C-47A-90-DL (DC-3),2,Pratt & Whitney R-1830-92,1944,-,-, VT-CFL, 20248,Tata Airlines,Unknown,-,-,-,-,-,-,-,-,-,-,-,-,-,-,-,-
19470919-0,Friday,19-SEP-1947,13:55,A1, En route (ENR),5 km (3.1 mls) SW off  Puerto San Juan,Peru,14,14, Damaged beyond repair,-,Douglas C-54D-5-DC (DC-4),4,Pratt & Whitney R-2000-11,1945,-,-, 42-72554, 10659,USAF,Military,-,La Paz-El Alto Airport,LPB,SLLP,Bolivia,Lima-Limatambo Airport,LIM,SPIM,Peru,5,9,5,9,-,-,-
19470919-1,Friday,19-SEP-1947,-,O1, Standing (STD),Moskva-Vnukovo Airport (VKO),Russia,0,0, Damaged beyond repair,-,Ilyushin Il-12P,-,-,1947,-,-, CCCP-L1332, 30038,Aeroflot / Moscow,-,-,-,-,-,-,-,-,-,-,0,0,0,0,-,-,-
19470920-0,Saturday,20-SEP-1947,18:23,A1, En route (ENR),"New York-Floyd Bennett Field, NY (NOP)",United States of America,41,0, Damaged beyond repair,-,Douglas DC-4,-,-,1944,-,-, NC88911, 27229,Pan Am,International Scheduled Passenger,PA131,Bermuda Air Terminal,BDA,TXKF,Bermuda,New York-La Guardia Airport,LGA,KLGA,United States of America,5,36,0,0,-,-,Final
19470920-1,Saturday,20-SEP-1947,-,A1, En route (ENR),265 km (165.6 mls) ESE of Angeles City-Clark Air Base,Philippines,27,2, Damaged beyond repair,-,Curtiss C-46D-15-CU Commando,-,-,-,-,-, 44-78263, 33659,USAF,Military,-,-,-,-,-,Angeles City-Clark Air Base,CRK,RPMK,Philippines,-,-,-,-,-,-,-
19470927-0,Saturday,27-SEP-1947,-,A1, Landing (LDG),Delhi-Palam Air Force Station (DEL),India,20,13, Damaged beyond repair,-,Douglas C-47 (DC-3),-,-,-,-,-, registration unknown,-,Royal Indian AF,Military,-,Agra-Kheria Air Force Station,AGR,VIAG,India,Delhi-Palam Air Force Station,DEL,VIDP,India,5,15,5,8,-,-,-
19470930-0,Tuesday,30-SEP-1947,-,A1, Landing (LDG),"Dago Lake, AK",United States of America,-,0, Damaged beyond repair,-,Canadian Vickers OA-10A Canso A (PBY-5A),-,-,-,-,-, 44-33954, CV-465,USAF,Military,-,-,-,-,-,-,-,-,-,-,-,0,0,-,-,-
19471003-0,Friday,03-OCT-1947,-,A1, Takeoff (TOF),Belfast-Nutts Corner Airport,United Kingdom,3,0, Damaged beyond repair,-,Avro 691 Lancastrian C.3,-,-,-,-,-, G-AHBU, 1289,Skyways,Cargo,-,-,-,-,-,-,-,-,-,3,0,0,0,-,-,-
19471004-0,Saturday,04-OCT-1947,-,U1, Unknown (UNK),Pau,France,-,-, Damaged beyond repair,-,Amiot AAC.1 (Junkers Ju-52),-,-,-,-,-, F-BAJB, AAC002,Air France,Unknown,-,-,-,-,-,-,-,-,-,-,-,-,-,-,-,-
19471007-0,Tuesday,07-OCT-1947,-,A1, Unknown (UNK),Bone,France,-,-, Damaged beyond repair,-,SNCASE SE.161 Languedoc,-,-,1946,-,-, F-BATY, 25,Air France,Unknown,-,-,-,-,-,-,-,-,-,-,-,-,-,-,-,-
19471009-0,Thursday,09-OCT-1947,-,A1, Takeoff (TOF),Panama City-Albrook AFB,Panama,-,-, Damaged beyond repair,-,Douglas C-47D (DC-3),-,-,1944,-,-, 43-48810, 26071/14626,USAF,Military,-,-,-,-,-,-,-,-,-,-,-,-,-,-,-,-
19471010-0,Friday,10-OCT-1947,-,A1, Unknown (UNK),64 km (40 mls) SSW of Borja,Peru,7,7, Damaged beyond repair,-,Douglas C-47B-1-DK (DC-3),-,-,1944,-,-, 43-48296, 25557/14112,USAF,Military,-,-,-,-,-,-,-,-,-,-,-,-,-,-,-,-
19471011-2,Saturday,11-OCT-1947,-,C1, Unknown (UNK),at an unknown location,Vietnam,15,15, Damaged beyond repair,-,Amiot AAC.1 (Junkers Ju-52),-,-,-,-,-, registration unknown,-,French AF,Military,-,-,-,-,-,-,-,-,-,-,-,-,-,-,-,-
19471013-0,Monday,13-OCT-1947,-,A1, Initial climb (ICL),unknown,China,-,-, Damaged beyond repair,-,Douglas R4D-5 (DC-3),-,-,1943,-,-, 12421, 9401,US Navy,Military,-,-,-,-,-,-,-,-,-,-,-,-,-,-,-,-
19471014-0,Tuesday,14-OCT-1947,10:04,A1, En route (ENR),"1390 km (868.8 mls) NE off  Gander, NL, Canada",Atlantic Ocean,69,0, Damaged beyond repair,-,Boeing 314A,4,Wright R-2600,1941,-,12000.0, NC18612, 2086,American International,Int'l Non Scheduled Passenger,-,-,-,-,-,Gander Airport,YQX,CYQX,Canada,7,62,0,0,-,-,Final
19471014-1,Tuesday,14-OCT-1947,18:08,A1, En route (ENR),"Pikes Peak, CO",United States of America,7,3, Damaged beyond repair,-,Douglas C-47A-20-DL (DC-3),2,Pratt & Whitney R-2800-59,1943,-,1506.0, 42-23503, 9365,USAF,Military,-,Ogden-Hill AFB,HIF,KHIF,United States of America,-,-,-,-,2,5,0,3,-,-,-
19471016-0,Thursday,16-OCT-1947,-,A1, En route (ENR),off Cartagena,Spain,43,41, Damaged beyond repair,-,Bristol 170 Freighter I,-,-,1946,-,-, F-BCJN, 12788,TAI,International Scheduled Passenger,-,Marseille-Marignane Airport,MRS,LFML,France,Oran-es Senia Airport,ORN,DAOO,Algeria,4,39,3,38,-,-,-
19471016-1,Thursday,16-OCT-1947,-,A1, Unknown (UNK),"Sylva, NC",United States of America,3,3, Damaged beyond repair,-,Douglas DC-3,-,-,-,-,-, registration unknown,-,Strato-Freight,Cargo,-,Charlotte-Douglas Airport,CLT,KCLT,United States of America,Gainesville-Lee Gilmer Memorial Airport,GVL,KGVL,United States of America,2,1,2,1,-,-,-
19471017-1,Friday,17-OCT-1947,-,A1, Unknown (UNK),48 km (30 mls) SW of Baoding,China,3,3, Damaged beyond repair,-,Douglas DC-3,-,-,-,-,-, registration unknown,-,Civil Air Transport,Cargo,-,Shijiazhuang-Daguocun Airport,SJW,ZBSJ,China,-,-,-,-,3,0,3,0,-,-,-
19471021-1,Tuesday,21-OCT-1947,-,A1, Landing (LDG),W off Southend Pier,United Kingdom,10,4, Damaged beyond repair,-,Short Sunderland GR.3,-,-,-,-,-, DV976,-,RAF,Military,-,-,-,-,-,-,-,-,-,-,-,-,-,-,-,-
19471023-0,Thursday,23-OCT-1947,-,A1, Landing (LDG),London,United Kingdom,-,0, Damaged beyond repair,-,Avro 691 Lancastrian B.3,-,-,-,-,-, G-AGUL,-,BSAA,Unknown,-,-,-,-,-,-,-,-,-,-,-,0,0,-,-,-
19471024-0,Friday,24-OCT-1947,12:29,A1, En route (ENR),"2,4 km (1.5 mls) SE of Bryce Canyon Airport, UT (BCE)",United States of America,52,52, Destroyed, Written off (damaged beyond repair),Douglas DC-6,4,Pratt & Whitney R-2800,1947,-,933.0, NC37510, 42875/17,United Airlines,Domestic Scheduled Passenger,UA608,Los Angeles Airport,LAX,KLAX,United States of America,Chicago Municipal Airport,MDW,KMDW,United States of America,5,47,5,47,-,-,Final
19471026-0,Sunday,26-OCT-1947,13:45,A1, En route (ENR),"Annette Island, AK",United States of America,18,18, Damaged beyond repair,-,Douglas DC-4,-,-,1944,-,4146.0, NC88920, 10317,Pan Am,Domestic Scheduled Passenger,PA923,Seattle-Boeing Field International Airport,BFI,KBFI,United States of America,Annette Island Airport,ANN,PANT,United States of America,5,13,5,13,-,-,Final
19471026-1,Sunday,26-OCT-1947,17:30,A1, Approach (APR),Mount Hymettus,Greece,44,44, Damaged beyond repair,-,Douglas DC-4-1009,-,-,1946,-,-, SE-BBG, 42930,AB Aerotransport,International Scheduled Passenger,1629,Istanbul-Yesilköy Airport,IST,LTBA,Turkey,Athens-Hassani Airport,ATH,LGAT,Greece,8,36,8,36,-,-,-
19471027-0,Monday,27-OCT-1947,12:00,C1, Unknown (UNK),near Yulin,China,3,2, Damaged beyond repair,-,Douglas DC-3,-,-,-,-,-, registration unknown,-,CNAC,Cargo,-,-,-,-,-,Yulin Airport,UYN,ZLYL,China,3,0,2,0,-,-,-
19471030-0,Thursday,30-OCT-1947,-,A1, Taxi (TXI),Negombo RAF Station,Sri Lanka,-,0, Damaged beyond repair,-,Avro 685 York C.1,4,Rolls-Royce Merlin,-,-,-, MW111,-,RAF,Military,-,-,-,-,-,-,-,-,-,-,-,0,0,-,-,-
19471030-1,Thursday,30-OCT-1947,05:40,A1, Maneuvering (MNV),"4,5 km (2.8 mls) SE of Muswellbrook, NSW",Australia,2,2, Destroyed, Written off (damaged beyond repair),Lockheed 414-08 Hudson IVA,2,Wright R-1820-SC3G,1941,-,1456.0, (VH-SMJ), 6046,John Fairfax & Sons,Cargo,-,Camden Airport,CDU,YSCN,Australia,Camden Airport,CDU,YSCN,Australia,2,0,2,0,-,-,Final
19471031-0,Friday,31-OCT-1947,-,A1, En route (ENR),within Pir Panjal Range,India,25,25, Damaged beyond repair,-,Douglas C-47A-20-DK (DC-3),2,Pratt & Whitney R-1830-92,1944,-,-, MA965, 12819,Royal Indian AF,Military,-,-,-,-,-,Srinagar Airport,SXR,VISR,India,3,22,3,22,-,-,-
19471099-1,-,xx-OCT-1947,-,U1, Unknown (UNK),at an unknown location,Venezuela,-,-, Damaged beyond repair,-,Canadian Vickers PBV-1A Canso (PBY-5A),-,-,1944,-,-, YV-C-AQA, CV-413,T.A. Transandino,Unknown,-,-,-,-,-,-,-,-,-,-,-,-,-,-,-,-
19471105-0,Wednesday,05-NOV-1947,-,A1, Landing (LDG),Lyneham RAF Station (LYE),United Kingdom,-,0, Damaged beyond repair,-,Avro 685 York C.1,4,Rolls-Royce Merlin,-,-,-, MW207,-,RAF,Military,-,-,-,-,-,Lyneham RAF Station,LYE,EGDL,United Kingdom,-,-,0,0,-,-,-
19471106-0,Thursday,06-NOV-1947,-,O1, Standing (STD),Balikpapan,Indonesia,-,0, Damaged beyond repair,-,Boeing-Canada PB2B-1 Catalina,-,-,-,-,-, Y-93,-,Dutch Navy,Military,-,-,-,-,-,-,-,-,-,-,-,0,0,-,-,-
19471113-0,Thursday,13-NOV-1947,-,A1, En route (ENR),Bermuda Air Terminal (BDA),Bermuda,16,0, Damaged beyond repair,-,Avro 691 Lancastrian C.3,-,-,-,-,-, G-AGWG, 1279,BSAA,International Scheduled Passenger,-,Bermuda Air Terminal,BDA,TXKF,Bermuda,Santa Maria-Vila do Porto Airport,SMA,LPAZ,Portugal,4,12,0,0,-,-,-
19471113-1,Thursday,13-NOV-1947,-,A1, Landing (LDG),Jammu Airport (IXJ),India,-,0, Damaged beyond repair,-,Douglas C-53-DO (DC-3),-,-,1942,-,-, VT-ATI, 4922,Air-India,Unknown,-,-,-,-,-,Jammu-Satwari Airport,IXJ,VIJU,India,-,-,0,0,-,-,-
19471113-2,Thursday,13-NOV-1947,-,A1, Unknown (UNK),near Bouchox,France,2,2, Damaged beyond repair,-,Amiot AAC.1 (Junkers Ju-52),-,-,-,-,-, F-BDYH, AAC401,SANA,Cargo,-,-,-,-,-,-,-,-,-,2,0,2,0,-,-,-
19471115-0,Saturday,15-NOV-1947,-,A1, Unknown (UNK),"Adak, AK",United States of America,-,-, Damaged beyond repair,-,Douglas C-47B-40-DK (DC-3),-,-,1945,-,-, 44-77252, 33584/16836,USAF,Military,-,-,-,-,-,-,-,-,-,-,-,-,-,-,-,-
19471116-0,Sunday,16-NOV-1947,-,A1, Landing (LDG),Bombay-Santa Cruz Airport (BOM),India,-,0, Damaged beyond repair,-,Avro 685 York C.1,4,Rolls-Royce Merlin,-,-,-, MW293,-,RAF,Military,-,-,-,-,-,Bombay-Santacruz Airport,BOM,VABB,India,-,-,0,0,-,-,-
19471117-0,Monday,17-NOV-1947,-,A1, Landing (LDG),Dishforth RAF Station,United Kingdom,-,0, Damaged beyond repair,-,Avro 685 York C.1,4,Rolls-Royce Merlin,-,-,-, MW284,-,RAF,Military,-,-,-,-,-,-,-,-,-,-,-,0,0,-,-,-
19471118-0,Tuesday,18-NOV-1947,-,A1, En route (ENR),Santa Maria del Monte,Italy,25,21, Damaged beyond repair,-,Bristol 170 Freighter XI,-,-,-,-,-, SE-BNG, 12792,AB TT-Transportflyg,Domestic Non Scheduled Passenger,-,Catania-Fontanarossa Airport,CTA,LICC,Italy,Roma-Ciampino Airport,CIA,LIRA,Italy,4,21,-,-,-,-,-
19471118-1,Tuesday,18-NOV-1947,13:00,A1, Approach (APR),"Wilmington-Newcastle County Airport, DE (ILG)",United States of America,5,5, Damaged beyond repair,-,Lockheed L-049-46-26 Constellation,4,Wright R-3350,-,-,3256.0, NC86507, 2028,TWA,Training,-,Wilmington-New Castle County Airport,ILG,KILG,United States of America,Wilmington-New Castle County Airport,ILG,KILG,United States of America,5,0,5,0,-,-,Final
19471119-0,Wednesday,19-NOV-1947,08:05,A1, En route (ENR),"Brightstone Down, Isle of Wight",United Kingdom,4,1, Damaged beyond repair,-,Short S.25 Sunderland 3,-,-,1943,-,-, G-AGHW,-,BOAC,Ferry/positioning,-,-,-,-,-,-,-,-,-,4,0,1,0,-,-,Final
19471119-1,Wednesday,19-NOV-1947,-,U1, Unknown (UNK),"Honolulu NAF, HI",United States of America,-,-, Damaged beyond repair,-,Douglas R5D-4 (DC-4),-,-,1945,-,-, 90399, 27305,US Navy,Military,-,-,-,-,-,-,-,-,-,-,-,-,-,-,-,-
19471119-2,Wednesday,19-NOV-1947,-,A1, En route (ENR),"Porto de Moz, PA",Brazil,16,16, Damaged beyond repair,-,Consolidated C-10 Catalina (PBY-5),-,-,-,-,-, 6502, 1079,Brazilian AF,Military,-,-,-,-,-,Manaus Air Base,PLL,SBMN,Brazil,-,-,-,-,-,-,-
19471121-0,Friday,21-NOV-1947,18:00,A1, En route (ENR),"Plouznice, Lomnice nad Popelkou",Czech Republic,26,13, Damaged beyond repair,-,Lisunov Li-2P,-,-,-,-,-, YR-TAI, 18423509,TARS,International Scheduled Passenger,-,Bucharest-Baneasa Airport,BBU,LRBS,Romania,Praha-Ruzyne International Airport,PRG,LKPR,Czech Republic,5,21,5,8,-,-,-
19471121-1,Friday,21-NOV-1947,-,A1, En route (ENR),"180 km (112.5 mls) W off  San Diego, CA",Pacific Ocean,11,9, Damaged beyond repair,-,Lockheed P2V-2 Neptune,-,-,-,-,-, registration unknown,-,US Navy,Military,-,San Diego-Miramar NAS,NKX,KNKX,United States of America,-,-,-,-,11,0,9,0,-,-,-
19471122-0,Saturday,22-NOV-1947,-,A1, En route (ENR),off Rizal province,Philippines,5,5, Damaged beyond repair,-,Douglas DC-3,-,-,-,-,-, registration unknown,-,Philippine Air Express,Cargo,-,Manila Airport,MNL,RPLL,Philippines,Iloilo International Airport,ILO,RPVI,Philippines,2,3,2,3,-,-,-
19471123-0,Sunday,23-NOV-1947,-,A1, Landing (LDG),Wau Airport (WUG),Papua New Guinea,5,0, Damaged beyond repair,-,Bristol 170 Freighter IA,-,-,-,-,-, G-AIMC, 12793,Bristol,Demonstration,-,-,-,-,-,Wau Airport,WUG,AYWU,Papua New Guinea,5,0,0,0,-,-,-
19471124-0,Monday,24-NOV-1947,-,A1, Takeoff (TOF),Sverdlovsk-Koltsovo Airport (SVX),Russia,6,0, Damaged beyond repair,-,Ilyushin Il-12P,-,-,1947,-,165.0, CCCP-L1356, 30070,Aeroflot / Moscow,Unknown,-,Sverdlovsk-Koltsovo Airport,SVX,USSS,Russia,-,-,-,-,6,0,0,0,-,-,-
19471125-0,Tuesday,25-NOV-1947,-,A1, Initial climb (ICL),Ciudad Bolívar Airport (CBL),Venezuela,3,0, Damaged beyond repair,-,Douglas C-47 (DC-3),-,-,-,-,-, YV-C-AHO,-,LAV,Test,-,Ciudad Bolívar Airport,CBL,SVCB,Venezuela,-,-,-,-,3,0,0,0,-,-,-
19471127-0,Thursday,27-NOV-1947,-,A1, En route (ENR),near Rumija,Montenegro,23,23, Destroyed, Written off (damaged beyond repair),Lisunov Li-2P,-,-,-,-,-, YU-BAD, 18427009 ?,JUSTA,Domestic Scheduled Passenger,247,-,-,-,-,Titograd Airport,TGD,LYPG,Montenegro,5,18,5,18,-,-,-
19471127-1,Thursday,27-NOV-1947,03:17,A1, Approach (APR),"Yakutat, AK",United States of America,13,13, Damaged beyond repair,-,Douglas C-47-DL (DC-3),2,Pratt & Whitney R-1830-92,1942,-,3756.0, NC95486, 6065,Columbia Air Cargo,Domestic Non Scheduled Passenger,-,Anchorage-Merrill Field,MRI,PAMR,United States of America,Yakutat Airport,YAK,PAYA,United States of America,2,11,2,11,-,-,Final
19471128-0,Friday,28-NOV-1947,-,A1, En route (ENR),near Trappa,Italy,20,20, Damaged beyond repair,-,Douglas C-47B-6-DK (DC-3),2,Pratt & Whitney R-1830-90C,1944,-,-, 43-48736, 25997/14552,USAF,Military,-,Pisa-San Giusto Airport,PSA,LIRP,Italy,Frankfurt-Rhein-Main AFB,FRF,EDAF,Germany,5,15,5,15,-,-,-
19471128-1,Friday,28-NOV-1947,-,A1, Landing (LDG),"Bahía Blanca-Comandante Espora Airport, BA (BHI)",Argentina,-,0, Damaged beyond repair,-,Douglas C-47A-90-DL Skytrain,-,-,1944,-,-, T-18, 20406,Argentine AF,Military,-,-,-,-,-,Bahía Blanca-Comandante Espora Airport,BHI,SAZB,Argentina,-,-,0,0,-,-,-
19471130-0,Sunday,30-NOV-1947,14:25,A1, Landing (LDG),"Seattle/Tacoma International Airport, WA (SEA)",United States of America,28,8, Damaged beyond repair,-,Douglas C-54A-1-DO (DC-4),4,Pratt & Whitney R-2000-7,1943,-,5548.0, NC91009, 7453,Alaska Airlines,Domestic Non Scheduled Passenger, 009,Anchorage-Merrill Field,MRI,PAMR,United States of America,Seattle-Boeing Field International Airport,BFI,KBFI,United States of America,3,25,1,7,-,1,Final
19471130-1,Sunday,30-NOV-1947,-,A1, Unknown (UNK),100 km (62.5 mls) SSW of Tokyo,Japan,2,2, Damaged beyond repair,-,Douglas C-47B-50-DK (DC-3),-,-,1945,-,-, 45-1066, 34336/17069,USAF,Military,-,-,-,-,-,-,-,-,-,2,0,2,0,-,-,-
19471201-0,Monday,01-DEC-1947,-,A1, En route (ENR),near Taldom,Russia,5,0, Damaged beyond repair,-,Ilyushin Il-12,-,-,1947,-,-, CCCP-N439, 30047,Polyarnaya Aviatsiya,Ferry/positioning,-,-,-,-,-,-,-,-,-,5,0,0,0,-,-,-
19471201-1,Monday,01-DEC-1947,-,A1, Unknown (UNK),"3,5 km (2.2 mls) W of Herford, TX",United States of America,-,-, Damaged beyond repair,-,Douglas C-47D (DC-3),-,-,1944,-,-, 43-48945, 26206/14761,USAF,Military,-,-,-,-,-,-,-,-,-,-,-,-,-,-,-,-
19471206-0,Saturday,06-DEC-1947,-,A1, Initial climb (ICL),near Chongqing Airport,China,40,10, Damaged beyond repair,-,Curtiss C-46 Commando,-,-,-,-,-, registration unknown,-,China Air Force,Military,-,-,-,-,-,-,-,-,-,-,-,-,-,-,-,-
19471209-0,Tuesday,09-DEC-1947,-,A1, Unknown (UNK),"18 km (11.3 mls) NNE of Eglin, TX",United States of America,5,0, Damaged beyond repair,-,Fairchild C-82A-10-FA Packet,-,-,-,-,-, 44-22994, 10038,USAF,Military,-,-,-,-,-,Greenville-Donaldson AFB,GDC,KGYH,United States of America,-,-,0,0,-,-,-
19471209-1,Tuesday,09-DEC-1947,-,A1, Taxi (TXI),"Hampton-Langley Field, VA (LFI)",United States of America,-,-, Damaged beyond repair,-,Douglas C-47D (DC-3),-,-,1944,-,-, 43-49509, 26770/15325,USAF,Military,-,-,-,-,-,-,-,-,-,-,-,-,-,-,-,-
19471209-2,Tuesday,09-DEC-1947,23:00,A1, En route (ENR),48 km (30 mls) SE of Izmir,Turkey,-,-, Damaged beyond repair,-,Douglas C-47B-20-DK (DC-3),-,-,1945,-,-, 43-49779, 27040/15595,USAF,Military,-,-,-,-,-,-,-,-,-,-,-,-,-,-,-,-
19471210-0,Wednesday,10-DEC-1947,00:20,A1, En route (ENR),"ca 13 km N of Goose Bay Airport, NL (YYR)",Canada,29,23, Destroyed, Written off (damaged beyond repair),Douglas C-54D-5-DC (DC-4),-,-,1945,-,-, 42-72572, 10677,USAF,Military,-,Goose Bay Airport,YYR,CYYR,Canada,Springfield-Westover AFB,CEF,KCEF,United States of America,4,25,1,22,-,-,-
19471210-1,Wednesday,10-DEC-1947,-,A1, Approach (APR),"nr Camp Springs-Andrews AFB, MD (ADW)",United States of America,6,1, Damaged beyond repair,-,Douglas C-47B-50-DK (DC-3),-,-,1945,-,-, 	45-1060, 34330/	17063,USAF,Military,-,Harrisburg-Olmsted AFB,MDT,KMDT,United States of America,Camp Springs-Andrews AFB,ADW,KADW,United States of America,-,-,-,-,-,-,-
19471211-0,Thursday,11-DEC-1947,-,A1, Unknown (UNK),"near Memphis, TN",United States of America,20,20, Damaged beyond repair,-,Douglas C-47B-28-DK (DC-3),2,Pratt & Whitney R-1830-90C,1945,-,-, 44-76366, 32698/15950,USAF,Military,-,El Paso-Biggs AAF,BIF,KBIF,United States of America,Memphis Municipal Airport,MEM,KMEM,United States of America,4,16,4,16,-,-,-
19471212-0,Friday,12-DEC-1947,-,U1, Unknown (UNK),Paris-Orly Airport (ORY),France,-,-, Damaged beyond repair,-,Douglas C-47A-30-DK (DC-3),2,Pratt & Whitney R-1830-92,1944,-,-, F-BCYF, 25252/13807,Air Algérie,Unknown,-,-,-,-,-,-,-,-,-,-,-,-,-,-,-,-
19471216-0,Tuesday,16-DEC-1947,-,A1, Unknown (UNK),near Abingdon RAF Station,United Kingdom,-,0, Damaged beyond repair,-,Avro 685 York C.1,4,Rolls-Royce Merlin,-,-,-, MW301,-,RAF,Military,-,-,-,-,-,-,-,-,-,-,-,0,0,-,-,-
19471216-1,Tuesday,16-DEC-1947,-,A1, Unknown (UNK),"Norfolk NAS Chambers, VA (NGU)",United States of America,7,6, Damaged beyond repair,-,Consolidated PBY-5A Catalina,-,-,-,-,-, 48291,-,US Navy,Military,-,-,-,-,-,-,-,-,-,7,0,6,0,1,-,-
19471218-0,Thursday,18-DEC-1947,-,A1, Approach (APR),near Tyoply Stan,Russia,-,-, Damaged beyond repair,-,Douglas C-47 (DC-3),-,-,-,-,-, CCCP-L997,-,Aeroflot,Test,-,Moskva-Vnukovo Airport,VKO,UUWW,Russia,Moskva-Vnukovo Airport,VKO,UUWW,Russia,-,-,-,-,-,-,-
19471218-1,Thursday,18-DEC-1947,09:30,A1, Approach (APR),near Krasnoyarsk Severniy Airport,Russia,25,7, Damaged beyond repair,-,Ilyushin Il-12P,-,-,1947,-,166.0, CCCP-L1343, 30049,Aeroflot / Moscow,Domestic Scheduled Passenger,6,-,-,-,-,Omsk Airport,OMS,UNOO,Russia,5,20,4,3,-,-,-
19471219-0,Friday,19-DEC-1947,-,A1, Unknown (UNK),Dilalongan,Philippines,12,0, Damaged beyond repair,-,Douglas C-47B-45-DK (DC-3),2,Pratt & Whitney R-1830-90C,1945,-,-, NZ3558, 34229/16969,New Zealand AF,Military,-,-,-,-,-,-,-,-,-,-,-,0,0,-,-,-
19471220-0,Saturday,20-DEC-1947,-,A1, Approach (APR),near Uetersen RAF Station,Germany,8,0, Damaged beyond repair,-,Douglas Dakota IV (DC-3),2,Pratt & Whitney R-1830-90C,1945,-,-, KN439, 32869/16121,RAF,Military,-,-,-,-,-,-,-,-,-,-,-,0,0,-,-,-
19471222-0,Monday,22-DEC-1947,-,U1, Unknown (UNK),Madrid-Barajas (MAD),Spain,-,-, Damaged beyond repair,-,Douglas C-47A-80-DL (DC-3),2,Pratt & Whitney R-1830-92,1944,-,-, EC-ACG, 19553,Iberia,Unknown,-,-,-,-,-,-,-,-,-,-,-,-,-,-,-,-
19471223-0,Tuesday,23-DEC-1947,-,A1, Approach (APR),"Miami, FL",United States of America,2,0, Damaged beyond repair,-,Douglas DC-3C,-,-,-,-,-, registration unknown,-,Coastal Air Lines,Cargo,-,Raleigh/Durham Airport,RDU,KRDU,United States of America,-,-,-,-,2,0,0,0,-,-,-
19471224-0,Wednesday,24-DEC-1947,-,A1, Unknown (UNK),near Mitwaba,Democratic Republic of the Congo,5,5, Damaged beyond repair,-,Lockheed C-60A-5-LO Lodestar,-,-,1943,-,-, OO-CAR, 18-2419,Sabena,Ferry/positioning,-,-,-,-,-,Manono Airport,MNO,FZRA,Democratic Republic of the Congo,3,2,3,2,-,-,-
19471226-0,Friday,26-DEC-1947,-,O1, Standing (STD),Manila ?,Philippines,-,-, Damaged beyond repair,-,Douglas DC-3,-,-,-,-,-, PI-C53,-,Philippine Air Lines,-,-,-,-,-,-,-,-,-,-,-,-,-,-,-,-,-
19471226-1,Friday,26-DEC-1947,-,O1, Standing (STD),Manila ?,Philippines,-,-, Damaged beyond repair,-,Douglas DC-3,-,-,-,-,-, PI-C3,-,Philippine Air Lines,-,-,-,-,-,-,-,-,-,-,-,-,-,-,-,-,-
19471226-2,Friday,26-DEC-1947,-,O1, Standing (STD),Manila ?,Philippines,-,-, Damaged beyond repair,-,Douglas DC-3,-,-,-,-,-, PI-C10,-,Philippine Air Lines,-,-,-,-,-,-,-,-,-,-,-,-,-,-,-,-,-
19471226-3,Friday,26-DEC-1947,-,O1, Standing (STD),Manila ?,Philippines,-,-, Damaged beyond repair,-,Douglas C-47A-DL (DC-3),2,Pratt & Whitney R-1830-92,1943,-,-, PI-C36,-,Philippine Air Lines,-,-,-,-,-,-,-,-,-,-,-,-,-,-,-,-,-
19471227-0,Saturday,27-DEC-1947,-,A1, En route (ENR),Korangi Creek,Pakistan,23,23, Damaged beyond repair,-,Douglas C-48C (DC-3),-,-,1941,-,-, VT-AUG, 4175,Air-India,International Scheduled Passenger,-,Karachi International Airport,KHI,OPKC,Pakistan,Bombay-Santacruz Airport,BOM,VABB,India,4,19,4,19,-,-,-
19471227-1,Saturday,27-DEC-1947,12:40,A1, Approach (APR),near Leeuwarden,Netherlands,15,0, Damaged beyond repair,-,Douglas C-47A-5-DK (DC-3),2,Pratt & Whitney R-1830-92,1944,-,-, PH-TCV, 12309,KLM,Domestic Scheduled Passenger,-,Amsterdam-Schiphol International Airport,AMS,EHAM,Netherlands,Leeuwarden Air Base,LWR,EHLW,Netherlands,5,10,0,0,-,-,-
19471228-0,Sunday,28-DEC-1947,12:00,A1, Approach (APR),Léon,Mexico,10,5, Damaged beyond repair,-,Douglas DC-2,-,-,-,-,-, XA-GEE,-,Servicio Aéreo Panini,Domestic Scheduled Passenger,-,Léon/Guanajuato-Del Bajio Airport,BJX,MMLO,Mexico,Mexico City International Airport,MEX,MMMX,Mexico,3,7,2,3,-,3,-
19471229-0,Monday,29-DEC-1947,-,A1, Approach (APR),"0,5 km (0.3 mls) off  København-Kastrup Airport (CPH)",Denmark,24,0, Substantial, Written off (damaged beyond repair),Vickers 628 Viking 1B,-,-,1947,-,611.0, OY-DLI, 197,DDL,International Scheduled Passenger,DD1751,Paris-Le Bourget Airport,LBG,LFPB,France,København-Kastrup Airport,CPH,EKCH,Denmark,4,20,0,0,-,-,-
19471230-0,Tuesday,30-DEC-1947,-,A1, En route (ENR),20 km (12.5 mls) N of Chrysostom,Russia,6,6, Damaged beyond repair,-,Lisunov Li-2,-,-,1945,-,2316.0, CCCP-L4214, 18421005,Aeroflot / Moscow,Domestic Scheduled Passenger,-,Chelyabinsk Airport,CEK,USCC,Russia,Kazan Airport,KZN,UWKD,Russia,4,2,4,2,-,-,-
19479999-0,-,xx-xxx-1947,-,A1, Unknown (UNK),"Anchorage-Merrill Field, AK (MRI)",United States of America,-,-, Damaged beyond repair,-,Douglas C-47A-40-DL (DC-3),-,-,1943,-,-, NC46567, 9825,Reeve Aleutian Airways,Unknown,-,-,-,-,-,-,-,-,-,-,-,-,-,-,-,-
19479999-3,-,xx-xxx-1947,-,U1, Unknown (UNK),unknown,Unknown country,-,-, Damaged beyond repair,-,Douglas R4D-1 (DC-3),-,-,1942,-,-, 12400, 6066,USMC,Military,-,-,-,-,-,-,-,-,-,-,-,-,-,-,-,-
19470424-0,Thursday,24-APR-1947,-,U1, Unknown (UNK),unknown,Unknown country,-,-, Damaged beyond repair,-,Douglas Dakota IV (DC-3),-,-,1945,-,-, KN320, 32625/15877,RAF,Military,-,-,-,-,-,-,-,-,-,-,-,-,-,-,-,-
19470425-0,Friday,25-APR-1947,-,A1, Initial climb (ICL),Shanghei-Lungwha Airport,China,2,0, Damaged beyond repair,-,unknown,-,-,-,-,-, ..-141,-,CNAC,Cargo,-,-,-,-,-,-,-,-,-,2,0,0,0,-,3,-
19470428-0,Monday,28-APR-1947,23:15,A1, En route (ENR),"16 km (10 mls) N of Vancouver, BC",Canada,15,15, Damaged beyond repair,-,Lockheed 18-08A Lodestar,-,-,1942,-,-, CF-TDF, 18-2248,TCAL,Domestic Scheduled Passenger,   3,Lethbridge Airport,YQL,CYQL,Canada,Vancouver International Airport,YVR,CYVR,Canada,3,12,3,12,-,-,-
19470430-0,Wednesday,30-APR-1947,-,A1, Landing (LDG),San Salvador-Ilopango Airport (SAL),El Salvador,4,0, Damaged beyond repair,-,Douglas C-47-DL (DC-3),2,Pratt & Whitney R-1830-92,1942,-,-, YS-30, 4461,Aerovias Latino Americanas,Unknown,-,-,-,-,-,San Salvador/Ilopango International Airport,SAL,MSSS,El Salvador,3,1,0,0,-,-,-
19470430-1,Wednesday,30-APR-1947,-,U1, Unknown (UNK),Niamey,Niger,-,-, Damaged beyond repair,-,Amiot AAC.1 (Junkers Ju-52),-,-,-,-,-, F-BBYG, AAC227,Air France,Unknown,-,-,-,-,-,-,-,-,-,-,-,-,-,-,-,-
19470502-0,Friday,02-MAY-1947,18:30,A1, Landing (LDG),Torino-Mirafiori Airport,Italy,2,2, Damaged beyond repair,-,Fiat G.12CA,-,-,-,-,-, MM60896, 76,Italian AF,Military,-,Florence-Peretola Airport,FLR,LIRQ,Italy,-,-,-,-,2,0,2,0,-,2,-
19470502-1,Friday,02-MAY-1947,-,A1, Taxi (TXI),"Biloxi-Keesler AFB, MS (BIX)",United States of America,-,0, Damaged beyond repair,-,Fairchild C-82A-25-FA Packet,-,-,1946,-,-, 44-23044, 10088,USAAF,Military,-,-,-,-,-,-,-,-,-,-,-,0,0,-,-,-
19470503-0,Saturday,03-MAY-1947,-,A1, Initial climb (ICL),5 km (3.1 mls) from  Nicoya Airport (NCT),Costa Rica,11,11, Damaged beyond repair,-,Lockheed 18-56-23 Lodestar,-,-,1943,-,-, TI-84, 18-2374,TACA,Domestic Scheduled Passenger,-,Nicoya-Guanacaste Airport,NCT,MRNC,Costa Rica,-,-,-,-,2,9,2,9,-,-,-
19470504-0,Sunday,04-MAY-1947,-,A1, Landing (LDG),"Newark Airport, NJ (EWR)",United States of America,12,2, Damaged beyond repair,-,Douglas DC-3C,-,-,1944,-,-, NC53196, 19435,Union Southern Airlines,Domestic Non Scheduled Passenger,-,Louisville-Standiford Field,SDF,KSDF,United States of America,Newark Airport,EWR,KEWR,United States of America,3,9,2,0,-,-,-
19470504-1,Sunday,04-MAY-1947,-,A1, Unknown (UNK),Saigon-Tan Son Nhut Airport (SGN),Vietnam,7,7, Damaged beyond repair,-,Douglas C-47B-30-DK (DC-3),2,Pratt & Whitney R-1830-90C,1945,-,-, 476557, 32889/16141,French AF,Military,-,-,-,-,-,-,-,-,-,-,-,-,-,-,-,-
19470510-0,Saturday,10-MAY-1947,15:15,A1, Initial climb (ICL),off Cartagena,Colombia,2,2, Damaged beyond repair,-,Lockheed C-60A Lodestar,-,-,-,-,-, C-801,-,Transandina,Cargo,-,Cartagena-Crespo Airport,CTG,SKCG,Colombia,-,-,-,-,2,0,2,0,-,-,-
19470511-0,Sunday,11-MAY-1947,-,A1, Landing (LDG),landing ground H3,Iraq,4,0, Damaged beyond repair,-,Avro 691 Lancastrian C.1,4,Rolls-Royce Merlin,-,-,-, G-AGLF, 1172,Skyways,Cargo,-,-,-,-,-,-,-,-,-,4,0,0,0,-,-,-
19470511-1,Sunday,11-MAY-1947,09:39,A1, Maneuvering (MNV),"ca 11 km W off Cape May Pount, Delaware Bay, NJ",United States of America,4,4, Damaged beyond repair,-,Lockheed L-049 Constellation,4,Wright R-3350-35,1945,-,2214.0, NC86508, 2029,TWA,Training,-,Wilmington-New Castle County Airport,ILG,KILG,United States of America,Wilmington-New Castle County Airport,ILG,KILG,United States of America,4,0,4,0,-,-,Final
19470511-2,Sunday,11-MAY-1947,-,A1, Unknown (UNK),"16,5 km (10.3 mls) SE of Austin, TX",United States of America,-,0, Damaged beyond repair,-,Fairchild C-82A-20-FA Packet,-,-,1946,-,-, 44-23028, 10072,USAAF,Military,-,-,-,-,-,-,-,-,-,-,-,0,0,-,-,-
19470512-0,Monday,12-MAY-1947,-,A1, Takeoff (TOF),Ometepec,Mexico,2,0, Damaged beyond repair,-,Ford 4-AT-A Tri-Motor,-,-,1927,-,-, XA-DOL, 4-AT-05,NAMSA,Unknown,-,-,-,-,-,-,-,-,-,2,0,0,0,-,-,-
19470512-1,Monday,12-MAY-1947,-,U1, Unknown (UNK),unknown,Unknown country,-,-, Damaged beyond repair,-,Douglas R4D-1 (DC-3),-,-,1943,-,-, 37680, 9125,US Navy,Military,-,-,-,-,-,-,-,-,-,-,-,-,-,-,-,-
19470516-0,Friday,16-MAY-1947,-,A1, Unknown (UNK),Quito-Mariscal Sucre Airport (UIO),Ecuador,-,-, Damaged beyond repair,-,Douglas C-47A-DL (DC-3),2,Pratt & Whitney R-1830-92,1943,-,-, 42-32926, 9152,USAAF,Military,-,-,-,-,-,-,-,-,-,-,-,-,-,-,-,-
19470516-1,Friday,16-MAY-1947,-,A1, Landing (LDG),"Gainesville Airport, GA (GVL)",United States of America,2,0, Substantial, Written off (damaged beyond repair),Douglas DC-3,-,-,1942,-,-, NC53011, 4276,Strato-Freight,Cargo,-,-,-,-,-,Gainesville-Lee Gilmer Memorial Airport,GVL,KGVL,United States of America,2,0,0,0,-,-,-
19470516-2,Friday,16-MAY-1947,-,A1, Approach (APR),near Khabarovsk Airport (KHV),Russia,22,22, Damaged beyond repair,-,Douglas C-47A-1-DK (DC-3),-,-,1943,-,2388.0, CCCP-L1048, 11936,Aeroflot / Far East,Domestic Scheduled Passenger,-,-,-,-,-,Khabarovsk-Novy Airport,KHV,UHHH,Russia,5,17,5,17,-,-,-
19470518-0,Sunday,18-MAY-1947,-,A1, En route (ENR),24 km (15 mls) NW of Malaybalay,Philippines,18,18, Destroyed, Written off (damaged beyond repair),Douglas C-47 (DC-3),-,-,-,-,-, 1002,-,Philippine AF,Military,-,Cotabato-Awang Airport,CBO,RPMC,Philippines,Bacolod Airport,BCD,RPVB,Philippines,7,11,7,11,-,-,-
19470519-0,Monday,19-MAY-1947,-,A1, En route (ENR),"8,8 km (5.5 mls) SE of Livingston, MT",United States of America,2,0, Damaged beyond repair,-,Douglas C-47D (DC-3),2,Pratt & Whitney R-1830-90C,1944,-,-, 43-49248, 26509/15064,USAAF,Military,-,-,-,-,-,-,-,-,-,2,0,0,0,-,-,-
19470522-0,Thursday,22-MAY-1947,-,A1, Unknown (UNK),"Rio de Janeiro-Santos Dumont Airport, RJ (SDU)",Brazil,-,-, Damaged beyond repair,-,Douglas C-47B-28-DK (DC-3),2,Pratt & Whitney R-1830-90C,1945,-,-, PP-AVM, 32746/15998,Aerovias Brasil,Unknown,-,-,-,-,-,-,-,-,-,-,-,-,-,-,-,-
19470522-1,Thursday,22-MAY-1947,-,A1, Approach (APR),"8 km (5 mls) E of Dayton-Wright Patterson AFB, OH (FFO)",United States of America,7,5, Destroyed, Written off (damaged beyond repair),Boeing XC-97,-,-,-,-,-, 43-27472, 8483,USAAF,Military,-,-,-,-,-,Dayton-Wright Patterson AFB,FFO,KFFO,United States of America,7,0,5,0,-,-,-
19470524-0,Saturday,24-MAY-1947,-,A1, Approach (APR),Malta-Luqa Airport (MLA),Malta,-,0, Damaged beyond repair,-,Avro 685 York C.1,4,Rolls-Royce Merlin,-,-,-, MW190,-,RAF,Military,-,-,-,-,-,Malta-Luqa Airport,MLA,LMML,Malta,-,-,0,0,-,-,-
19470529-0,Thursday,29-MAY-1947,-,A1, Unknown (UNK),near Trinidad,Bolivia,-,-, Damaged beyond repair,-,Douglas C-47A-75-DL (DC-3),2,Pratt & Whitney R-1830-92,1944,-,-, CB-32, 19445,LAB,Unknown,-,-,-,-,-,-,-,-,-,-,-,-,-,-,-,-
19470529-1,Thursday,29-MAY-1947,19:05,A1, Takeoff (TOF),"New York-La Guardia Airport, NY (LGA)",United States of America,48,43, Destroyed, Written off (damaged beyond repair),Douglas DC-4,-,-,1944,-,5950.0, NC30046, 18324,United Airlines,Domestic Scheduled Passenger,UA521,New York-La Guardia Airport,LGA,KLGA,United States of America,Cleveland Municipal Airport,CLE,KCLE,United States of America,4,44,2,41,-,-,Final
19470529-2,Thursday,29-MAY-1947,12:48,A1, En route (ENR),Héðinsfjörður,Iceland,25,25, Damaged beyond repair,-,Douglas C-47A-25-DK (DC-3),2,Pratt & Whitney R-1830-92,1944,-,-, TF-ISI, 13389,Flugfélag Islands,Domestic Scheduled Passenger,-,Reykjavík Domestic Airport,RKV,BIRK,Iceland,Akureyri Airport,AEY,BIAR,Iceland,4,21,4,21,-,-,-
19470529-3,Thursday,29-MAY-1947,22:45,A1, Approach (APR),near Atsugi-NAS (NJA),Japan,41,41, Damaged beyond repair,-,Douglas C-54D-5-DC (DC-4),-,-,1945,-,-, 42-72553, 10658,USAAF,Military,-,Seoul-Gimpo (Kimpo) International Airport,SEL,RKSS,South Korea,Atsugi NAS,NJA,RJTA,Japan,8,33,8,33,-,-,-
19470530-0,Friday,30-MAY-1947,17:41,A1, En route (ENR),"3 km (1.9 mls) E of Bainbridge, MD",United States of America,53,53, Destroyed, Written off (damaged beyond repair),Douglas C-54B-15-DO (DC-4),-,-,1944,-,3623.0, NC88814, 18380,Eastern Air Lines,Domestic Scheduled Passenger,EA605,Newark International Airport,EWR,KEWR,United States of America,Miami International Airport,MIA,KMIA,United States of America,4,49,4,49,-,-,Final
19470530-1,Friday,30-MAY-1947,09:45,A2, Landing (LDG),Mitú Airport (MVP),Colombia,-,0, Substantial, Repaired,Douglas R4D-1 (DC-3),-,-,1943,-,-, C-708, 9041,TAERCO,Cargo,-,-,-,-,-,Mitú Airport,MVP,SKMU,Colombia,-,-,0,0,-,-,-
19470530-2,Friday,30-MAY-1947,-,A2, Approach (APR),5 km (3.1 mls) from  Palanquero-German Olano Air Base (PQE),Colombia,16,0, Substantial, Written off (damaged beyond repair),Douglas C-47 (DC-3),-,-,-,-,-, FAC-661,-,Colombian AF,Military,-,-,-,-,-,Palanquero-German Olano Air Base,PQE,SKPQ,Colombia,-,-,0,0,-,-,-
19470531-0,Saturday,31-MAY-1947,-,A1, Unknown (UNK),Aoulef,Algeria,-,3, Damaged beyond repair,-,Amiot AAC.1 (Junkers Ju-52),-,-,-,-,-, F-BBYH, AAC228,Service de Tele. et de Sign.,Cargo,-,-,-,-,-,Fort-Archambault Airport,SRH,FTTH,Chad,-,-,-,-,-,-,-
19470603-0,Tuesday,03-JUN-1947,-,A1, Takeoff (TOF),"Schofields Airport, NSW",Australia,2,0, Damaged beyond repair,-,Douglas C-47A-25-DK (DC-3),2,Pratt & Whitney R-1830-92,1944,-,-, VH-AOH, 13603,Butler Air Transport,Training,-,-,-,-,-,-,-,-,-,2,0,0,0,-,-,-
19470604-0,Wednesday,04-JUN-1947,23:00,A1, En route (ENR),near Gèmenos,France,3,3, Damaged beyond repair,-,Amiot AAC.1 (Junkers Ju-52),-,-,-,-,-, F-BANB, AAC136,Air France,Cargo,-,Nice Airport,NCE,LFMN,France,Lyon-Bron Airport,LYN,LFLY,France,3,0,3,0,-,-,-
19470607-0,Saturday,07-JUN-1947,-,U1, Unknown (UNK),Dakar-Yoff Airport (DKR),Senegal,-,-, Damaged beyond repair,-,Amiot AAC.1 (Junkers Ju-52),-,-,-,-,-, F-BAKV, AAC074,Air France,Unknown,-,-,-,-,-,-,-,-,-,-,-,-,-,-,-,-
19470610-0,Tuesday,10-JUN-1947,-,A1, Landing (LDG),Stockholm-Bromma Airport (BMA),Sweden,-,0, Damaged beyond repair,-,Douglas C-47A-50-DL (DC-3),-,-,1943,-,-, SP-LCB, 10044,LOT,Unknown,-,-,-,-,-,Stockholm-Bromma Airport,BMA,ESSB,Sweden,-,-,0,0,-,-,-
19470610-1,Tuesday,10-JUN-1947,23:07,A1, Landing (LDG),"Natal Airport, RN (NAT)",Brazil,18,6, Damaged beyond repair,-,Avro 691 Lancastrian C.4,-,-,-,-,-, LV-ACS, 1382,FAMA,International Scheduled Passenger,-,-,-,-,-,Natal Airport,NAT,SBNT,Brazil,5,13,4,2,-,-,-
19470611-1,Wednesday,11-JUN-1947,-,A1, Landing (LDG),Oakington RAF Station,United Kingdom,-,0, Damaged beyond repair,-,Avro 685 York C.1,4,Rolls-Royce Merlin,-,-,-, MW247,-,RAF,Military,-,-,-,-,-,-,-,-,-,-,-,0,0,-,-,-
19470613-0,Friday,13-JUN-1947,18:16,A1, En route (ENR),"13 km (8.1 mls) SE of Charles Town, WV",United States of America,50,50, Destroyed, Written off (damaged beyond repair),Douglas C-54-DO (DC-4),4,Pratt & Whitney R-2000-7,1942,-,8038.0, NC88842, 3112,Pennsylvania-Central Airlines,Domestic Scheduled Passenger, 410,-,-,-,-,Washington-National Airport,DCA,KDCA,United States of America,3,47,3,47,-,-,Final
19470614-0,Saturday,14-JUN-1947,-,A1, En route (ENR),between Saigon and Dalat,Vietnam,12,10, Damaged beyond repair,-,Junkers Ju-52/3m,-,-,-,-,-, registration unknown,-,Unknown,Passenger,-,Saigon-Tan Son Nhat International Airport,SGN,VVTS,Vietnam,Dalat-Lienkhang Airport,DLI,VVDL,Vietnam,-,-,-,-,-,-,-
19470615-0,Sunday,15-JUN-1947,-,A1, Landing (LDG),"Fort Knox-Godman AAF, KY (FTK)",United States of America,20,0, Damaged beyond repair,-,Douglas C-47D,2,Pratt & Whitney R-1830-90,1945,-,-, 44-76244, 32576/15828,USAAF,Military,-,Fort Knox-Godman AAF,FTK,KFTK,United States of America,-,-,-,-,-,-,0,0,-,-,-
19470616-0,Monday,16-JUN-1947,-,A1, Unknown (UNK),near Cebu,Philippines,-,0, Damaged beyond repair,-,Douglas C-47A-70-DL (DC-3),2,Pratt & Whitney R-1830-92,1943,-,-, PI-C11, 19181,Philippine Air Lines,Unknown,-,-,-,-,-,-,-,-,-,-,-,0,0,-,-,-
19470616-1,Monday,16-JUN-1947,-,A1, Takeoff (TOF),near Leninabad Airport (LBD),Tajikistan,7,3, Damaged beyond repair,-,Lisunov Li-2,-,-,1944,-,1984.0, CCCP-L4088, 18413704,Aeroflot / Kazakstan,Cargo,-,Leninabad Airport,LBD,UTDL,Tajikistan,Alma-Ata Airport,ALA,UAAA,Kazakhstan,4,3,2,1,-,-,-
19470619-0,Thursday,19-JUN-1947,01:40,A1, En route (ENR),near Mayadine,Syria,36,14, Damaged beyond repair,-,Lockheed L-049 Constellation,-,-,1946,-,2645.0, NC88845, 2045,Pan Am,International Scheduled Passenger,PA121,Karachi International Airport,KHI,OPKC,Pakistan,Istanbul-Yesilköy Airport,IST,LTBA,Turkey,10,26,7,7,-,-,Final
19470621-0,Saturday,21-JUN-1947,-,A1, En route (ENR),"Karkinyts'ka Gulf, Black Sea",Ukraine,29,8, Damaged beyond repair,-,Lisunov Li-2,-,-,-,-,-, CCCP-L4138,-,Aeroflot / Ukraine,Domestic Scheduled Passenger,-,-,-,-,-,-,-,-,-,4,25,2,6,-,-,-
19470623-0,Monday,23-JUN-1947,-,A1, Landing (LDG),"Hamlin Field, SK",Canada,6,0, Damaged beyond repair,-,Douglas C-47A-50-DL (DC-3),2,Pratt & Whitney R-1830-92,1943,-,-, 42-24291, 10153,USAAF,Military,-,-,-,-,-,-,-,-,-,-,-,0,0,-,-,-
19470624-1,Tuesday,24-JUN-1947,-,A2, Landing (LDG),Ipiales-San Luis Airport (IPI),Colombia,2,0, Substantial,-,Douglas C-47 (DC-3),-,-,1942,-,-, C-407, 6158,VIARCO,Cargo,-,-,-,-,-,Ipiales-San Luis Airport,IPI,SKIP,Colombia,2,0,0,0,-,-,-
19470627-0,Friday,27-JUN-1947,-,A1, Takeoff (TOF),"Charleston, WV",United States of America,-,-, Damaged beyond repair,-,Douglas R4D-7 (DC-3),-,-,1945,-,-, 99850, 33314/16566,US Navy,Military,-,-,-,-,-,-,-,-,-,-,-,-,-,-,-,-
19470627-1,Friday,27-JUN-1947,-,A1, Unknown (UNK),N of Isiolo,Kenya,15,0, Damaged beyond repair,-,Douglas Dakota IV (DC-3),2,Pratt & Whitney R-1830-90C,1945,-,-, KN264, 27194/15749,RAF,Military,-,-,-,-,-,-,-,-,-,-,-,0,0,-,-,-
19470628-0,Saturday,28-JUN-1947,-,A1, Landing (LDG),Antananarivo-Arivonimamo Airport (TNR),Madagascar,-,0, Damaged beyond repair,-,Douglas Dakota IV (DC-3),2,Pratt & Whitney R-1830-90C,1944,-,-, KJ979, 26416/14971,RAF,Military,-,-,-,-,-,Antananarivo-Arivonimamo Airport,TNR,FMMA,Madagascar,-,-,0,0,-,-,-
19470699-0,-,xx-JUN-1947,-,U1, Unknown (UNK),at an unknown location,India,-,-, Damaged beyond repair,-,Douglas C-47-DL (DC-3),2,Pratt & Whitney R-1830-92,1942,-,-, VT-AZC, 4331,Mistri Airways,Unknown,-,-,-,-,-,-,-,-,-,-,-,-,-,-,-,-
19470701-0,Tuesday,01-JUL-1947,-,A1, Unknown (UNK),at an unknown location,Unknown country,-,-, Damaged beyond repair,-,Douglas C-47-DL (DC-3),2,Pratt & Whitney R-1830-92,1942,-,-, TI-107, 4444,TAN,Unknown,-,Guayaquil-Simon Bolivar Airport,GYE,SEGU,Ecuador,-,-,-,-,-,-,-,-,-,-,-
19470701-1,Tuesday,01-JUL-1947,-,A1, Approach (APR),Oakington RAF Station,United Kingdom,5,5, Damaged beyond repair,-,Avro 685 York C.1,4,Rolls-Royce Merlin,-,-,-, MW224,-,RAF,Military,-,-,-,-,-,-,-,-,-,5,0,5,0,-,-,-
19470701-2,Tuesday,01-JUL-1947,-,A1, En route (ENR),near Eséka,Cameroon,13,13, Damaged beyond repair,-,Amiot AAC.1 (Junkers Ju-52),-,-,-,-,-, F-BALF, AAC091,Air France,Domestic Scheduled Passenger, 612,Yaoundé-Ville Airport,YAO,FKKY,Cameroon,Douala Airport,DLA,FKKD,Cameroon,3,10,3,10,-,-,-
19470701-3,Tuesday,01-JUL-1947,-,A1, Takeoff (TOF),Moskva-Vnukovo Airport (VKO),Russia,6,4, Damaged beyond repair,-,Ilyushin Il-12P,-,-,1947,68.0,73.0, CCCP-L1317, 30023,Aeroflot / Moscow,Cargo,-,Moskva-Vnukovo Airport,VKO,UUWW,Russia,Kharkov Airport,HRK,UKHH,Ukraine,5,1,4,0,-,-,-
19470703-0,Thursday,03-JUL-1947,-,A1, En route (ENR),"470 km (293.8 mls) NE off  Florida coast, USA",Atlantic Ocean,6,6, Damaged beyond repair,-,Douglas C-54G-1-DO Skymaster,-,-,1945,-,-, 45-519, 35972,USAAF,Military,-,-,-,-,-,West Palm Beach-Morrison AAF,PBI,KPBI,United States of America,6,0,6,0,-,-,-
19470705-0,Saturday,05-JUL-1947,-,A1, En route (ENR),near Saigon-Tan Son Nhat International Airport (SGN),Vietnam,-,0, Damaged beyond repair,-,Douglas C-47B-20-DK (DC-3),2,Pratt & Whitney R-1830-90C,1945,-,-, 349875, 27136/15691,French AF,Military,-,Saigon-Tan Son Nhat International Airport,SGN,VVTS,Vietnam,-,-,-,-,-,-,0,0,-,-,-
19470705-1,Saturday,05-JUL-1947,-,A1, Maneuvering (MNV),32 km (20 mls) N off  Inistrahull Island,Ireland,12,6, Damaged beyond repair,-,Short Sunderland GR.5,-,-,-,-,-, PP113,-,RAF,Military,-,-,-,-,-,-,-,-,-,12,0,6,0,-,-,-
19470709-0,Wednesday,09-JUL-1947,-,A1, Unknown (UNK),"Chincoteague, VA",United States of America,-,-, Damaged beyond repair,-,Douglas R4D-3 (DC-3),-,-,1942,-,-, 05079, 4917,US Navy,Military,-,-,-,-,-,-,-,-,-,-,-,-,-,-,-,-
19470711-0,Friday,11-JUL-1947,09:40,A1, Approach (APR),"near São Paulo-Congonhas Airport, SP (CGH)",Brazil,12,2, Damaged beyond repair,-,Lockheed C-60A Lodestar,-,-,1943,-,-, 2004, 18-2366,Brazilian AF,Military,-,-,-,-,-,São Paulo-Congonhas Airport,CGH,SBSP,Brazil,5,7,0,2,-,-,-
19470712-0,Saturday,12-JUL-1947,-,A1, Unknown (UNK),Oberröblingen,Germany,14,0, Damaged beyond repair,-,Douglas C-47A-25-DK (DC-3),2,Pratt & Whitney R-1830-92,1944,-,-, 42-93802, 13754,USAAF,Military,-,-,-,-,-,-,-,-,-,-,-,0,0,-,-,-
19470713-0,Sunday,13-JUL-1947,04:30,A1, En route (ENR),"6,5 km (4.1 mls) SW of Melbourne, FL",United States of America,36,14, Damaged beyond repair,-,Douglas DC-3C,-,-,1943,-,-, NC79024, 9887,Burke Air Transport,Domestic Non Scheduled Passenger,-,Augusta-Daniel Field,DNL,KDNL,United States of America,Miami International Airport,MIA,KMIA,United States of America,3,33,2,12,-,-,Final
19470715-0,Tuesday,15-JUL-1947,-,A1, Landing (LDG),Vichy-Charmeil Airport (VHY),France,19,1, Damaged beyond repair,-,Amiot AAC.1 (Junkers Ju-52),-,-,-,-,-, F-BCHH, AAC323,Aéro Cargo,Passenger,-,-,-,-,-,Vichy-Charmeil Airport,VHY,LFLV,France,-,-,-,-,-,-,-
19470715-1,Tuesday,15-JUL-1947,-,U1, Unknown (UNK),Saigon ?,Vietnam,-,-, Damaged beyond repair,-,Douglas C-47B-20-DK (DC-3),2,Pratt & Whitney R-1830-90C,1945,-,-, 476353, 32685/15937,French AF,Military,-,-,-,-,-,-,-,-,-,-,-,-,-,-,-,-
19470716-0,Wednesday,16-JUL-1947,-,A1, Approach (APR),Az-Zubair,Iran,18,6, Damaged beyond repair,-,Avro 685 York C.1,4,Rolls-Royce Merlin,1945,-,-, G-AGNR, 1219,BOAC,International Scheduled Passenger,-,-,-,-,-,Basra International Airport,BSR,ORMM,Iraq,6,12,6,0,-,-,-
19470716-1,Wednesday,16-JUL-1947,-,A1, Unknown (UNK),at an unknown location,Ecuador,-,-, Damaged beyond repair,-,Ford 5-AT-C Tri-Motor,3,Pratt & Whitney R-1340 Wasp,1929,-,-, HC-SBK, 5-AT-67,Shell Ecuador,Unknown,-,-,-,-,-,-,-,-,-,-,-,-,-,-,-,-
19470720-0,Sunday,20-JUL-1947,-,A1, Landing (LDG),"Kotzebue Airport, AK (OTZ)",United States of America,-,-, Damaged beyond repair,-,Lockheed 18-56-23 Lodestar,-,-,1943,-,-, NC21707, 18-2511,Alaska Airlines,Unknown,-,-,-,-,-,Kotzebue Airport,OTZ,PAOT,United States of America,-,-,-,-,-,-,-
19470721-0,Monday,21-JUL-1947,10:15,A1, Takeoff (TOF),"El Palomar, BA",Argentina,19,14, Damaged beyond repair,-,Douglas C-54A-1-DO (DC-4),-,-,1944,-,-, T-44, 7463,Argentine AF,Military,-,El Palomar Airport,EPA,SADP,Argentina,-,-,-,-,-,-,-,-,-,3,-
19470723-0,Wednesday,23-JUL-1947,02:28,O1, Standing (STD),"Saint Joseph Airport, MO (STJ)",United States of America,0,0, Damaged beyond repair,-,Douglas C-54D-15-DC (DC-4),-,-,1945,-,-, NC91077, 22157,Seaboard & Western,-,-,-,-,-,-,-,-,-,-,0,0,0,0,-,-,-
19470723-1,Wednesday,23-JUL-1947,02:28,O1, Standing (STD),"Saint Joseph Airport, MO (STJ)",United States of America,0,0, Damaged beyond repair,-,Douglas C-54D-15-DC (DC-4),-,-,1945,-,-, NC91086, 22162,Seaboard & Western,-,-,-,-,-,-,-,-,-,-,0,0,0,0,-,-,-
19470724-0,Thursday,24-JUL-1947,13:30,A1, Landing (LDG),"Morón AB, BA",Argentina,6,2, Damaged beyond repair,-,Avro 685 York I,4,Rolls-Royce Merlin,1946,-,-, LV-XIH, 1366,FAMA,Test,-,-,-,-,-,-,-,-,-,6,0,2,0,-,1,-
19470725-0,Friday,25-JUL-1947,-,A1, Landing (LDG),London Airport (LHR),United Kingdom,24,0, Damaged beyond repair,-,Avro 685 York C.1,4,Rolls-Royce Merlin,1947,-,-, G-AIUP, 1374,Skyways,Int'l Non Scheduled Passenger,-,-,-,-,-,London Airport,LHR,EGLL,United Kingdom,7,17,0,0,-,-,-
19470729-0,Tuesday,29-JUL-1947,-,C1, Approach (APR),3 km (1.9 mls) from  Yogyakarta,Indonesia,9,8, Damaged beyond repair,-,Douglas C-47B-20-DK (DC-3),2,Pratt & Whitney R-1830-90C,1944,-,-, VT-CLA, 26916/15471,Orissa State Government,Cargo,-,-,-,-,-,Yogyakarta-Maguwo Airport,JOG,WARJ,Indonesia,3,6,3,5,-,-,-
19470730-0,Wednesday,30-JUL-1947,-,U1, Unknown (UNK),"General Pacheco, BA",Argentina,-,-, Damaged beyond repair,-,Douglas C-47A-80-DL (DC-3),2,Pratt & Whitney R-1830-92,1944,-,-, LV-ADD, 19545,ZONDA,Unknown,-,-,-,-,-,-,-,-,-,-,-,-,-,-,-,-
19470731-0,Thursday,31-JUL-1947,-,A1, En route (ENR),within Yumen province,China,26,26, Damaged beyond repair,-,Douglas C-47 (DC-3),-,-,-,-,-, registration unknown,-,China Air Force,Military,-,-,-,-,-,Lanzhou Airport,LHW,ZLLL,China,-,-,-,-,-,-,-
19470731-1,Thursday,31-JUL-1947,-,A2, Landing (LDG),Oslo-Fornebu Airport (FBU),Norway,4,0, Substantial,-,Douglas C-47B-5-DK (DC-3),2,Pratt & Whitney R-1830-90C,1944,-,-, 43-48804, 26065/14620,USAAF,Military,-,-,-,-,-,Oslo-Fornebu Airport,FBU,ENFB,Norway,-,-,0,0,-,-,-
19470802-0,Saturday,02-AUG-1947,17:45,A1, En route (ENR),Tupungato Mountain,Argentina,11,11, Destroyed, Written off (damaged beyond repair),Avro 691 Lancastrian C.3,4,Rolls-Royce Merlin,1945,-,1655.0, G-AGWH, 1280,BSAA,International Scheduled Passenger,CS59,-,-,-,-,Santiago-Los Cerrillos Airport,ULC,SCTI,Chile,5,6,5,6,-,-,Final
19470805-0,Tuesday,05-AUG-1947,-,A1, Landing (LDG),Svolvær-Helle Airport (SVJ),Norway,12,0, Damaged beyond repair,-,Boeing-Canada Catalina IVB (PBY-5A),-,-,-,-,-, LN-OAR, 28179,Vingtor Luftveier,Passenger,-,-,-,-,-,Svolvær-Helle Airport,SVJ,ENSH,Norway,5,7,0,0,-,-,-
19470806-0,Wednesday,06-AUG-1947,-,O1, Standing (STD),"Miami International Airport, FL (MI)",United States of America,0,0, Damaged beyond repair,-,Douglas C-47-DL (DC-3),2,Pratt & Whitney R-1830-92,1942,-,-, NC65350, 4736,Indamer,-,-,-,-,-,-,-,-,-,-,0,0,0,0,-,-,-
19470806-1,Wednesday,06-AUG-1947,-,A1, En route (ENR),within Alaska,United States of America,20,20, Missing, Presumed damaged beyond repair,Consolidated PBY-5A Catalina,-,-,-,-,-, 34032,-,US Navy,Military,-,Kodiak Airport,ADQ,PADQ,United States of America,Unalaska Airport,DUT,PADU,United States of America,-,-,-,-,-,-,-
19470806-2,Wednesday,06-AUG-1947,-,A1, Unknown (UNK),Severo-Vostochny Bank,Azerbaijan,6,4, Damaged beyond repair,-,Lisunov Li-2,-,-,1942,-,2732.0, CCCP-L4017, 1845306,Aeroflot,Training,-,-,-,-,-,-,-,-,-,6,0,4,0,-,-,-
19470808-0,Friday,08-AUG-1947,18:49,A1, Approach (APR),"New York-La Guardia Airport, NY (LGA)",United States of America,5,3, Damaged beyond repair,-,Douglas DC-3C,2,Pratt & Whitney R-1830-S1C3-G,1944,-,2035.0, NX88787, 19639,American Airlines,Cargo,-,New York-La Guardia Airport,LGA,KLGA,United States of America,-,-,-,-,2,3,2,1,-,-,Final
19470809-0,Saturday,09-AUG-1947,-,A1, Landing (LDG),Malmö-Bulltofta Airport,Sweden,5,1, Damaged beyond repair,-,Douglas DC-3F,-,-,1944,-,-, SE-BAY, 19559,AB Aerotransport,Cargo,-,Amsterdam-Schiphol International Airport,AMS,EHAM,Netherlands,-,-,-,-,5,0,1,0,-,-,-
19470812-0,Tuesday,12-AUG-1947,-,A1, Landing (LDG),"Cachoeiro de Itapemirim, ES",Brazil,-,0, Damaged beyond repair,-,Douglas C-54A-DO (DC-4),-,-,1943,-,-, LV-ABL, 3080,FAMA,Domestic Non Scheduled Passenger,-,-,-,-,-,-,-,-,-,-,-,0,0,-,-,-
19470813-0,Wednesday,13-AUG-1947,-,A1, Landing (LDG),Bucharest-Baneasa Airport (BBU),Romania,8,3, Damaged beyond repair,-,Lisunov Li-2,-,-,1946,-,-, YR-TAV, 18423801,TARS,Unknown,-,Constanta-Kogalniceanu Airport,CND,LRCK,Romania,Bucharest-Baneasa Airport,BBU,LRBS,Romania,-,-,-,-,-,-,-
19470813-1,Wednesday,13-AUG-1947,23:27,A1, En route (ENR),2 km (1.3 mls) S of Chevilly,France,8,8, Damaged beyond repair,-,Amiot AAC.1 (Junkers Ju-52),-,-,-,-,-, registration unknown,-,French AF,Military,-,Orléans-Bricy Air Base (BA 123),ORE,LFOJ,France,-,-,-,-,-,-,-,-,-,-,-
19470814-0,Thursday,14-AUG-1947,-,A1, Unknown (UNK),"2 km (1.3 mls) NW of Cormey, OH",United States of America,-,-, Damaged beyond repair,-,Fairchild C-82A-1-FA Packet,-,-,-,-,-, 44-22960, 10004,USAAF,Military,-,-,-,-,-,-,-,-,-,-,-,-,-,-,-,-
19470821-0,Thursday,21-AUG-1947,06:11,A1, En route (ENR),"Hanksville, UT",United States of America,3,3, Damaged beyond repair,-,Curtiss C-46E-1-CS Commando,-,-,1945,-,-, NC59488,  2935,Slick Airways,Cargo,-,-,-,-,-,Los Angeles Airport,LAX,KLAX,United States of America,2,1,2,1,-,-,Final
19470823-0,Saturday,23-AUG-1947,-,A1, Initial climb (ICL),near Woodford Airport (WFD),United Kingdom,6,4, Damaged beyond repair,-,Avro 689 Tudor 2,-,-,1946,-,-, G-AGSU, 1235,UK Ministry of Supply,Test,-,Woodford Airport,WFD,EGCD,United Kingdom,Woodford Airport,WFD,EGCD,United Kingdom,6,0,4,0,-,-,Final
19470823-1,Saturday,23-AUG-1947,-,A1, Landing (LDG),Bahrain Marine Air Base,Bahrain,26,10, Damaged beyond repair,-,Short S.25 Sandringham 5,-,-,-,-,-, G-AHZB, SH.38C,BOAC,International Scheduled Passenger,-,-,-,-,-,-,-,-,-,8,18,3,7,-,-,-
19470828-0,Thursday,28-AUG-1947,09:05,A1, En route (ENR),2 km (1.3 mls) N of Lødingen,Norway,35,35, Damaged beyond repair,-,Short S.25 Sandringham 6,-,-,-,-,-, LN-IAV, SH.915,DNL,Domestic Scheduled Passenger,-,-,-,-,-,Bodø Airport,BOO,ENBO,Norway,8,27,8,27,-,-,-
19470828-1,Thursday,28-AUG-1947,-,A1, Unknown (UNK),"0,8 km (0.5 mls) NNE of Westgate",United Kingdom,2,2, Damaged beyond repair,-,Douglas Dakota IV (DC-3),2,Pratt & Whitney R-1830-90C,1944,-,-, KJ984, 26422/14977,RAF,Military,-,-,-,-,-,-,-,-,-,2,0,2,0,-,-,-
19470829-0,Friday,29-AUG-1947,-,A1, Landing (LDG),"near Cambridge Bay, NU",Canada,-,-, Damaged beyond repair,-,Canadian Vickers PBV-1A Canso A (PBY-5A),-,-,-,-,-, 11063, CV-375,RCAF,Military,-,-,-,-,-,-,-,-,-,-,-,-,-,-,-,-
19470830-0,Saturday,30-AUG-1947,-,A1, Unknown (UNK),near El Ajeb,Morocco,-,1, Damaged beyond repair,-,Amiot AAC.1 (Junkers Ju-52),-,-,-,-,-, F-BCHQ, AAC322,Air Atlas,Unknown,-,-,-,-,-,-,-,-,-,-,-,-,-,-,-,-
19470902-0,Tuesday,02-SEP-1947,-,A1, Landing (LDG),Dishforth RAF Station,United Kingdom,-,0, Damaged beyond repair,-,Avro 685 York C.1,4,Rolls-Royce Merlin,-,-,-, MW223,-,RAF,Military,-,-,-,-,-,-,-,-,-,-,-,0,0,-,-,-
19470902-1,Tuesday,02-SEP-1947,-,A1, Initial climb (ICL),3 km (1.9 mls) S of Aberdeen-Dyce Airport (ABZ),United Kingdom,11,0, Damaged beyond repair,-,Vickers Viking C.2,-,-,1946,-,-, VL245, 144,RAF,Military,-,Aberdeen-Dyce Airport,ABZ,EGPD,United Kingdom,-,-,-,-,-,-,0,0,-,-,-
19470903-0,Wednesday,03-SEP-1947,-,A1, Approach (APR),Voula,Greece,15,3, Damaged beyond repair,-,Douglas C-47A-65-DL (DC-3),2,Pratt & Whitney R-1830-92,1943,-,-, SX-BAB, 18981,Hellenic Airlines,Training,-,Athens-Hassani Airport,ATH,LGAT,Greece,Athens-Hassani Airport,ATH,LGAT,Greece,-,-,3,0,-,-,-
19470904-0,Thursday,04-SEP-1947,-,O1, Standing (STD),Habbaniya RAF Station,Iraq,-,0, Damaged beyond repair,-,Avro 685 York C.1,4,Rolls-Royce Merlin,-,-,-, MW314,-,RAF,Military,-,-,-,-,-,-,-,-,-,-,-,0,0,-,-,-
19470905-0,Friday,05-SEP-1947,-,A1, Approach (APR),Bermuda Air Terminal (BDA),Bermuda,20,0, Damaged beyond repair,-,Avro 691 Lancastrian C.3,-,-,-,-,-, G-AGWK, 1283,BSAA,International Scheduled Passenger,-,-,-,-,-,Bermuda Air Terminal,BDA,TXKF,Bermuda,5,15,0,0,-,-,-
19470906-0,Saturday,06-SEP-1947,-,A1, Unknown (UNK),"Grosse Ile NAS, MI",United States of America,-,-, Damaged beyond repair,-,Douglas R4D-5 (DC-3),-,-,1943,-,-, 17093, 11798,US Navy,Military,-,-,-,-,-,-,-,-,-,-,-,-,-,-,-,-
19470101-0,Wednesday,01-JAN-1947,-,A1, Approach (APR),"1,5 km (0.9 mls) from  Nashville Metropolitan Airport, TN (BNA)",United States of America,16,0, Damaged beyond repair,-,Douglas DC-2-112,-,-,1934,-,-, NC13715, 1241,private,Domestic Non Scheduled Passenger,-,Richmond International Airport (Byrd Field),RIC,KRIC,United States of America,Nashville Metropolitan Airport,BNA,KBNA,United States of America,-,-,0,0,-,-,-
19470103-0,Friday,03-JAN-1947,-,A1, Landing (LDG),Whitchurch Airport,United Kingdom,3,0, Damaged beyond repair,-,Douglas C-47A-1-DK (DC-3),2,Pratt & Whitney R-1830-92,1943,-,-, G-AGJU, 12169,BOAC,Ferry/positioning,-,-,-,-,-,-,-,-,-,3,0,0,0,-,-,-
19470104-1,Saturday,04-JAN-1947,-,A1, Unknown (UNK),"São Paulo de Olivença, AM",Brazil,14,11, Damaged beyond repair,-,Sikorsky S-43B,-,-,-,-,-, PP-PBN, 4315,Panair do Brasil,International Scheduled Passenger,-,Iquitos Airport,IQT,SPQT,Peru,Manaus/Ponta Pelada Airport,PLL,SBMN,Brazil,-,-,-,-,-,-,Final
19470105-0,Sunday,05-JAN-1947,20:30,A2, Approach (APR),"near Carmel, NJ",United States of America,23,3, Substantial, Repaired,Douglas C-47B-50-DK (DC-3),2,Pratt & Whitney R-1830-92,1945,-,938.0, NC50046, 34373/17106,Nationwide Air Transport,Domestic Non Scheduled Passenger,-,Miami International Airport,MIA,KMIA,United States of America,Raleigh/Durham Airport,RDU,KRDU,United States of America,3,20,1,2,-,-,Final
19470105-1,Sunday,05-JAN-1947,-,A1, Approach (APR),W of Qingdao,China,43,43, Destroyed, Written off (damaged beyond repair),Curtiss C-46,-,-,-,-,-, XT-T51/121,-,CNAC,Domestic Scheduled Passenger,-,-,-,-,-,Qingdao Airport,TAO,ZSQD,China,5,38,5,38,-,-,-
19470105-2,Sunday,05-JAN-1947,22:08,A1, Unknown (UNK),"Jones Beach, NY",United States of America,16,0, Damaged beyond repair,-,Douglas DC-3-208A,2,Wright R-1820-G102,1939,-,25547.0, NC21746, 2104,American Airlines,Domestic Scheduled Passenger,AA203,-,-,-,-,Washington-National Airport,DCA,KDCA,United States of America,3,13,0,0,-,-,Final
19470106-0,Monday,06-JAN-1947,-,A1, Approach (APR),"Chicago Municipal Airport, IL (MDW)",United States of America,41,0, Destroyed, Written off (damaged beyond repair),Douglas C-54B-5-DO (DC-4),-,-,1944,-,-, NC95412, 18330,Northwest Airlines,Domestic Scheduled Passenger,-,Minneapolis-St. Paul International Airport,MSP,KMSP,United States of America,Chicago Municipal Airport,MDW,KMDW,United States of America,4,37,0,0,-,-,-
19470106-1,Monday,06-JAN-1947,-,A1, En route (ENR),Mont Ventoux,France,3,0, Damaged beyond repair,-,Amiot AAC.1 (Junkers Ju-52),-,-,-,-,-, F-BBYK, AAC231,TAI,Cargo,-,Marseille-Marignane Airport,MRS,LFML,France,-,-,-,-,3,0,0,0,-,-,-
19470107-0,Tuesday,07-JAN-1947,-,A1, Unknown (UNK),Costermansville (Bukavu),Democratic Republic of the Congo,-,-, Damaged beyond repair,-,Douglas C-47A-10-DK (DC-3),2,Pratt & Whitney R-1830-92,1944,-,718.0, OO-CBO, 12454,Sabena,Unknown,-,-,-,-,-,-,-,-,-,-,-,-,-,-,-,-
19470108-0,Wednesday,08-JAN-1947,-,A2, Landing (LDG),"Jacksonville Municipal Airport, FL",United States of America,15,0, Substantial, Repaired,Lockheed 18-50-01 Lodestar,-,-,1940,-,-, NC25687, 18-2039,National Airlines,Domestic Scheduled Passenger,-,-,-,-,-,-,-,-,-,3,12,0,0,-,-,-
19470110-0,Friday,10-JAN-1947,-,U1, Unknown (UNK),at an unknown location,India,-,-, Damaged beyond repair,-,Douglas C-47A-25-DK (DC-3),2,Pratt & Whitney R-1830-92,1944,-,-, VT-AUF, 13712,Air-India,Unknown,-,-,-,-,-,-,-,-,-,-,-,-,-,-,-,-
19470111-0,Saturday,11-JAN-1947,-,A1, Unknown (UNK),Stowting,United Kingdom,16,8, Damaged beyond repair,-,Douglas C-47A-1-DK (DC-3),2,Pratt & Whitney R-1830-92,1943,-,-, G-AGJX, 12014,BOAC,International Scheduled Passenger,-,-,-,-,-,-,-,-,-,5,11,4,4,-,-,-
19470111-1,Saturday,11-JAN-1947,-,A1, En route (ENR),"130 km (81.3 mls) W off  Laoag, Philippines",Pacific Ocean,42,7, Damaged beyond repair,-,Douglas C-54A-DO (DC-4),-,-,1943,-,-, PI-C100, 3106,Far East Air Transport,International Scheduled Passenger,-,-,-,-,-,Manila Airport,MNL,RPLL,Philippines,5,37,0,7,-,-,-
19470112-0,Sunday,12-JAN-1947,01:38,A1, En route (ENR),"Galax, VA",United States of America,19,18, Damaged beyond repair,-,Douglas C-49-DO (DC-3),2,Wright R-1820-G202A,1941,-,7680.0, NC88872, 3274,Eastern Air Lines,Domestic Scheduled Passenger,EA665,Akron/Canton Regional Airport,CAK,KCAK,United States of America,Winston-Salem-Smith-Reynolds Airport,INT,KINT,United States of America,3,16,3,15,-,-,Final
19470114-0,Tuesday,14-JAN-1947,09:00,A1, Unknown (UNK),near Puebla,Mexico,21,21, Damaged beyond repair,-,Lockheed C-60A-5-LO Lodestar,-,-,1943,-,-, 60-03, 18-2607,Mexican AF,Military,-,-,-,-,-,Oaxaca Airport,OAX,MMOX,Mexico,4,17,4,17,-,-,-
19470116-0,Thursday,16-JAN-1947,-,A1, Landing (LDG),Oakington,United Kingdom,-,0, Damaged beyond repair,-,Avro 685 York C.1,4,Rolls-Royce Merlin,-,-,-, MW228,-,RAF,Military,-,-,-,-,-,-,-,-,-,-,-,0,0,-,-,-
19470117-0,Friday,17-JAN-1947,-,A1, Approach (APR),"0,8 km (0.5 mls) SW of Singapore-Seletar Airport (XSP)",Singapore,-,0, Damaged beyond repair,-,Douglas Dakota IV (DC-3),2,Pratt & Whitney R-1830-90C,1944,-,-, KJ858, 25797/14352,RAF,Military,-,-,-,-,-,Singapore-Seletar Airport,XSP,WSSL,Singapore,-,-,0,0,-,-,-
19470118-0,Saturday,18-JAN-1947,-,O1, Standing (STD),Belfast,United Kingdom,-,-, Damaged beyond repair,-,Short S.25 Sandringham 5,-,-,-,-,-, G-AHYZ, SH.35C,BOAC,-,-,-,-,-,-,-,-,-,-,-,-,-,-,-,-,-
19470118-1,Saturday,18-JAN-1947,-,A1, Landing (LDG),Kupang-El Tari Airport (KOE),Indonesia,-,0, Damaged beyond repair,-,Douglas Dakota IV (DC-3),2,Pratt & Whitney R-1830-90C,1945,-,-, KP230, 33449/16701,RAF,Military,-,-,-,-,-,-,-,-,-,-,-,0,0,-,-,-
19470119-0,Sunday,19-JAN-1947,-,A1, Unknown (UNK),"An Cu, Annam",Vietnam,-,-, Damaged beyond repair,-,Douglas C-47B-20-DK (DC-3),2,Pratt & Whitney R-1830-90C,1945,-,-, 349882, 27143/15698,French AF,Military,-,-,-,-,-,-,-,-,-,-,-,-,-,-,-,-
19470120-0,Monday,20-JAN-1947,-,A1, Landing (LDG),"Oakland NAS, CA (OAK)",United States of America,21,1, Damaged beyond repair,-,Douglas R5D (DC-4),-,-,-,-,-, registration unknown,-,US Navy,Military,-,Bellevue-Offutt AFB,OFF,KOFF,United States of America,Oakland NAS,OAK,KOAK,United States of America,-,-,-,-,-,-,-
19470122-0,Wednesday,22-JAN-1947,-,A1, En route (ENR),near Puerto Araujo,Colombia,17,17, Damaged beyond repair,-,Douglas C-53B (DC-3),-,-,1941,-,-, C-108, 4829,Avianca,Domestic Scheduled Passenger,-,-,-,-,-,Barrancabermeja-Yariguíes Airport,EJA,SKEJ,Colombia,4,13,4,13,-,-,-
19470122-1,Wednesday,22-JAN-1947,-,A1, Initial climb (ICL),off Guayaquil Airport (GYE),Ecuador,-,0, Damaged beyond repair,-,Douglas C-47A-80-DL (DC-3),2,Pratt & Whitney R-1830-92,1944,-,-, C-204, 19725,TACA de Colombia,International Scheduled Passenger,-,Guayaquil-Simon Bolivar Airport,GYE,SEGU,Ecuador,Lima-Limatambo Airport,LIM,SPIM,Peru,-,3,0,0,-,-,-
19470122-2,Wednesday,22-JAN-1947,-,A1, En route (ENR),"Allentown, PA",United States of America,3,0, Damaged beyond repair,-,Douglas DC-3,-,-,-,-,-, registration unknown,-,Allegheny Air Cargo,Cargo,-,-,-,-,-,-,-,-,-,3,0,0,0,-,-,-
19470122-3,Wednesday,22-JAN-1947,-,A1, Takeoff (TOF),Bückeburg,Germany,-,0, Damaged beyond repair,-,Douglas Dakota IV (DC-3),2,Pratt & Whitney R-1830-90C,1945,-,-, KP222, 33438/16690,RAF,Military,-,-,-,-,-,-,-,-,-,-,-,0,0,-,-,-
19470122-4,Wednesday,22-JAN-1947,-,A1, Unknown (UNK),"Schofields Airport, NSW",Australia,3,0, Damaged beyond repair,-,Lockheed 14-H2 Super Electra,-,-,-,-,-, VH-ADT, 1409,Qantas,Unknown,-,-,-,-,-,-,-,-,-,-,-,0,0,-,-,-
19470122-5,Wednesday,22-JAN-1947,-,A1, Landing (LDG),"Santa Rosa Island, FL",United States of America,5,1, Damaged beyond repair,-,Consolidated PBY-5 Catalina,-,-,-,-,-, 08204,-,US Navy,Military,-,-,-,-,-,-,-,-,-,-,-,1,0,-,-,-
19470123-0,Thursday,23-JAN-1947,-,A1, Unknown (UNK),"10,4 km (6.5 mls) N of Seattle-Sand Point NAS, AK",United States of America,-,-, Damaged beyond repair,-,Douglas C-47B-10-DK (DC-3),2,Pratt & Whitney R-1830-90C,1944,-,-, 43-48936, 26197/14752,USAAF,Military,-,Great Falls International Airport,GTF,KGTF,United States of America,Tacoma-McChord AFB,TCM,KTCM,United States of America,-,-,-,-,-,-,-
19470123-1,Thursday,23-JAN-1947,-,A1, Unknown (UNK),"near Headingley, MB",Canada,2,2, Damaged beyond repair,-,Lockheed 14-H2 Super Electra,-,-,-,-,-, CF-TCQ, 1502,TCAL,Unknown,-,-,-,-,-,-,-,-,-,2,0,2,0,-,-,-
19470124-0,Friday,24-JAN-1947,-,A1, Unknown (UNK),"N of Dartmouth, NS",Canada,7,0, Damaged beyond repair,-,Douglas R4D-5 (DC-3),-,-,1943,-,-, 39079, 10206,US Navy,Military,-,-,-,-,-,Halifax-Shearwater Airport,YAW,CYAW,Canada,-,-,0,0,-,-,-
19470125-0,Saturday,25-JAN-1947,-,O1, Standing (STD),London-Croydon Airport,United Kingdom,0,0, Damaged beyond repair,-,Douglas C-47A-30-DL (DC-3),2,Pratt & Whitney R-1830-92,1943,-,-, OK-WDB, 9503,CSA,-,-,-,-,-,-,-,-,-,-,0,0,0,0,-,-,-
19470125-1,Saturday,25-JAN-1947,-,A1, Approach (APR),Mt. Parker,Hong Kong,4,4, Damaged beyond repair,-,Douglas C-47A-25-DK (DC-3),2,Pratt & Whitney R-1830-92,1944,-,-, PI-C12, 13508,Philippine Air Lines,Cargo,-,-,-,-,-,Hong Kong-Kai Tak International Airport,HKG,VHHH,Hong Kong,4,0,4,0,-,-,-
19470125-2,Saturday,25-JAN-1947,-,A1, En route (ENR),190 km (118.8 mls) S of Chongqing,China,19,19, Damaged beyond repair,-,Douglas DC-3,-,-,-,-,-, 138,-,CNAC,Domestic Scheduled Passenger,-,Guangzhou-Baiyun Airport,CAN,ZGGG,China,Chongqing-Jiangbei International Airport,CKG,ZUCK,China,3,16,3,16,-,-,-
19470125-3,Saturday,25-JAN-1947,11:41,A1, Takeoff (TOF),London-Croydon Airport,United Kingdom,23,12, Damaged beyond repair,-,Douglas C-47A-85-DL (DC-3),2,Pratt & Whitney R-1830-92,1944,-,-, VP-YFD, 19979,Spencer Airways,International Scheduled Passenger,-,-,-,-,-,Roma-Ciampino Airport,CIA,LIRA,Italy,5,18,1,11,-,-,-
19470126-0,Sunday,26-JAN-1947,15:35,A1, Takeoff (TOF),København-Kastrup Airport (CPH),Denmark,22,22, Destroyed, Written off (damaged beyond repair),Douglas DC-3C,2,Pratt & Whitney R-1830-S1C3-G,1944,-,1686.0, PH-TCR, 25479/14034,KLM,International Scheduled Passenger,-,København-Kastrup Airport,CPH,EKCH,Denmark,Stockholm-Bromma Airport,BMA,ESSB,Sweden,6,16,6,16,-,-,Final
19470126-1,Sunday,26-JAN-1947,-,U1, Unknown (UNK),Renfrew,United Kingdom,-,-, Damaged beyond repair,-,Junkers Ju-52/3mg8e,-,-,-,-,-, G-AHOK, 2998,BEA,Unknown,-,-,-,-,-,-,-,-,-,-,-,-,-,-,-,-
19470126-2,Sunday,26-JAN-1947,-,A1, Unknown (UNK),"Gillemanuk, Bali",Indonesia,-,1, Damaged beyond repair,-,Consolidated PBY-5 Catalina,-,-,-,-,-, P-204,-,Dutch Navy,Military,-,-,-,-,-,-,-,-,-,-,4,1,0,-,-,-
19470127-0,Monday,27-JAN-1947,-,A1, Unknown (UNK),"Newark Airport, NJ",United States of America,-,-, Damaged beyond repair,-,Douglas C-47-DL (DC-3),-,-,1942,-,-, NC51894, 4568,Puerto Rico Air Transport,Unknown,-,-,-,-,-,-,-,-,-,-,-,-,-,-,-,-
19470128-0,Tuesday,28-JAN-1947,-,A1, En route (ENR),near Hankou,China,26,25, Damaged beyond repair,-,Curtiss C-46,-,-,-,-,-, registration unknown,-,CNAC,Domestic Scheduled Passenger,-,-,-,-,-,Chongqing-Jiangbei International Airport,CKG,ZUCK,China,2,24,2,23,-,-,-
19470201-0,Saturday,01-FEB-1947,19:15,A1, Approach (APR),21 km (13.1 mls) W of Lisboa-Portela de Sacavém Airport (LIS),Portugal,16,15, Damaged beyond repair,-,Douglas C-47A-30-DK (DC-3C),-,-,1944,-,-, F-BAXQ, 25251/13806,Air France,International Scheduled Passenger,-,Bordeaux-Mérignac Airport,BOD,LFBD,France,Lisboa-Portela de Sacavém Airport,LIS,LPPT,Portugal,5,11,5,10,-,-,-
19470201-1,Saturday,01-FEB-1947,-,A1, Takeoff (TOF),Middle Aston,United Kingdom,-,0, Damaged beyond repair,-,Douglas Dakota IV (DC-3),2,Pratt & Whitney R-1830-90C,1944,-,-, KJ971, 26265/14820,RAF,Military,-,-,-,-,-,-,-,-,-,-,-,0,0,-,-,-
19470204-0,Tuesday,04-FEB-1947,-,A1, Unknown (UNK),"off Assateague Island, ME",United States of America,10,10, Missing, Presumed damaged beyond repair,Douglas R4D-5S (DC-3),-,-,1944,-,-, 17131, 12275,US Navy,Military,-,-,-,-,-,-,-,-,-,4,6,4,6,-,-,-
19470205-0,Wednesday,05-FEB-1947,-,A1, Approach (APR),"Harrington, DL",United States of America,3,1, Damaged beyond repair,-,Douglas C-47A-30-DK (DC-3C),-,-,1944,-,-, NC54451, 25318/13873,International Air Freight,Cargo,-,-,-,-,-,Raleigh/Durham Airport,RDU,KRDU,United States of America,3,0,1,0,-,-,-
19470205-1,Wednesday,05-FEB-1947,-,A1, Unknown (UNK),"Lagoa Santa, GO",Brazil,-,-, Damaged beyond repair,-,Douglas DC-2-112,-,-,1934,-,-, PP-AVG, 1245,Aerovias Brasil,Unknown,-,-,-,-,-,-,-,-,-,-,-,-,-,-,-,-
19470206-0,Thursday,06-FEB-1947,-,A1, En route (ENR),near Pedro Bernado,Spain,11,11, Damaged beyond repair,-,Douglas C-54B-15-DO (DC-4),-,-,1944,-,-, NC44567, 18386,Aerovías Cubanas Internacionales,International Scheduled Passenger,-,Lisboa-Portela de Sacavém Airport,LIS,LPPT,Portugal,Madrid-Barajas Airport,MAD,LEMD,Spain,8,3,8,3,-,-,-
19470206-1,Thursday,06-FEB-1947,-,A1, Unknown (UNK),near Chongqing Airport (CKG),China,11,8, Damaged beyond repair,-,Douglas C-47 (DC-3),-,-,-,-,-, registration unknown,-,China Air Force,Military,-,Xian-Xiguan Airport,SIA,ZLXG,China,Chongqing-Jiangbei International Airport,CKG,ZUCK,China,-,-,-,-,-,-,-
19470209-0,Sunday,09-FEB-1947,-,A1, Landing (LDG),Manila-Nichols Air Base (MNL),Philippines,-,-, Damaged beyond repair,-,Douglas C-47B-40-DK (DC-3),2,Pratt & Whitney R-1830-90C,1945,-,-, 44-77205, 33537/16789,USAAF,Military,-,-,-,-,-,Manila-Nichols Air Base,MNL,RPLL,Philippines,-,-,-,-,-,-,-
19470210-0,Monday,10-FEB-1947,-,O1, Standing (STD),Palmerston North Airport (PMR),New Zealand,0,0, Damaged beyond repair,-,Lockheed 18-40-11 Lodestar,-,-,1941,-,-, ZK-ALZ, 18-2104,Union Airways,-,-,-,-,-,-,-,-,-,-,0,0,0,0,-,-,-
19470211-0,Tuesday,11-FEB-1947,-,A1, Landing (LDG),Waterbeach RAF Station,United Kingdom,-,0, Damaged beyond repair,-,Avro 685 York C.1,4,Rolls-Royce Merlin,-,-,-, MW242,-,RAF,Military,-,-,-,-,-,-,-,-,-,-,-,0,0,-,-,-
19470211-1,Tuesday,11-FEB-1947,-,A1, En route (ENR),"between Seattle, WA and Elizabeth City, NC",United States of America,6,4, Damaged beyond repair,-,Consolidated PBY-5A Catalina,-,-,-,-,-, 48328,-,US Navy,Military,-,-,-,-,-,-,-,-,-,-,-,-,-,-,-,-
19470213-0,Thursday,13-FEB-1947,13:43,A1, Initial climb (ICL),near Kladno,Czech Republic,3,3, Damaged beyond repair,-,Douglas C-47A-DL (DC-3),2,Pratt & Whitney R-1830-92,1943,-,-, OK-XDU, 13802,CSA,Training,-,Praha-Ruzyne International Airport,PRG,LKPR,Czech Republic,-,-,-,-,3,0,3,0,-,-,-
19470214-0,Friday,14-FEB-1947,04:20,A1, Approach (APR),"Denver, CO",United States of America,2,2, Damaged beyond repair,-,Curtiss C-46E-1-CS Commando,2,Pratt & Whitney R-2800-75,1945,-,2418.0, NC59486,  2944,Slick Airways,Cargo,-,Omaha-Eppley Airfield,OMA,KOMA,United States of America,Denver-Stapleton International Airport,DEN,KDEN,United States of America,2,0,2,0,-,-,Final
19470214-1,Friday,14-FEB-1947,-,A1, Unknown (UNK),"League City, TX",United States of America,1,0, Damaged beyond repair,-,Douglas C-47A-45-DL (DC-3),2,Pratt & Whitney R-1830-92,1943,-,-, NC59398, 9965,Atlantic & Pacific Airlines,Unknown,-,-,-,-,-,-,-,-,-,1,0,0,0,-,-,-
19470215-0,Saturday,15-FEB-1947,08:40,A1, En route (ENR),off Terracina,Italy,17,17, Damaged beyond repair,-,Savoia-Marchetti SM-95,-,-,1945,-,-, I-ABQH, 41003,Corrieri Aerei Militari,Military,-,-,-,-,-,-,-,-,-,5,12,5,12,-,-,-
19470215-1,Saturday,15-FEB-1947,14:00,A1, En route (ENR),30 km (18.8 mls) NW of Bogotá,Colombia,53,53, Destroyed, Written off (damaged beyond repair),Douglas DC-4,-,-,1944,-,-, C-114, 10439,Avianca,Domestic Scheduled Passenger,-,Barranquilla-Ernesto Cortissoz Airport,BAQ,SKBQ,Colombia,-,-,-,-,4,49,4,49,-,-,-
19470217-0,Monday,17-FEB-1947,-,A1, Approach (APR),5 km (3.1 mls) off  Malmö,Sweden,4,0, Damaged beyond repair,-,Douglas C-47A-10-DK (DC-3),2,Pratt & Whitney R-1830-92,1944,-,-, OY-AEB, 12473,DDL,Cargo,-,Aalborg Airport,AAL,EKYT,Denmark,København-Kastrup Airport,CPH,EKCH,Denmark,4,0,0,0,-,-,-
19470219-0,Wednesday,19-FEB-1947,-,A1, Landing (LDG),Neubiberg Air Base,Germany,4,1, Damaged beyond repair,-,Douglas C-47A-25-DK (DC-3),2,Pratt & Whitney R-1830-92,1944,-,-, 42-93723, 13666,USAAF,Military,-,-,-,-,-,-,-,-,-,3,1,0,1,-,-,-
19470220-0,Thursday,20-FEB-1947,-,A1, Unknown (UNK),Offenbach,Germany,4,4, Damaged beyond repair,-,Douglas C-47B-10-DK (DC-3),-,-,1944,-,-, 349048, 26309/14864,French AF,Military,-,-,-,-,-,-,-,-,-,4,0,4,0,-,-,-
19470221-0,Friday,21-FEB-1947,-,A1, Unknown (UNK),near Chongqing,China,21,21, Damaged beyond repair,-,Douglas C-47 (DC-3),-,-,-,-,-, registration unknown,-,China Air Force,Military,-,-,-,-,-,-,-,-,-,-,-,-,-,-,-,-
19470223-0,Sunday,23-FEB-1947,-,A1, Takeoff (TOF),Kaufbeuren,Germany,-,-, Damaged beyond repair,-,Douglas C-47A-80-DL (DC-3),2,Pratt & Whitney R-1830-92,1944,-,-, 43-15357, 19823,USAAF,Military,-,-,-,-,-,-,-,-,-,-,-,-,-,-,-,-
19470224-0,Monday,24-FEB-1947,-,A1, Unknown (UNK),"Philadelphia, PA",United States of America,-,-, Damaged beyond repair,-,Douglas DC-3A-197E,2,Pratt & Whitney R-1830,1941,-,-, NC33646, 4125,United Airlines,Unknown,-,-,-,-,-,-,-,-,-,-,-,-,-,-,-,-
19470226-0,Wednesday,26-FEB-1947,-,A1, En route (ENR),China Sea,Pacific Ocean,12,12, Missing, Presumed damaged beyond repair,Douglas Dakota IV (DC-3),2,Pratt & Whitney R-1830-90C,1944,-,-, KK120, 26574/15129,RAF,Military,-,-,-,-,-,Saigon-Tan Son Nhat International Airport,SGN,VVTS,Vietnam,-,-,-,-,-,-,-
19470226-1,Wednesday,26-FEB-1947,-,A1, En route (ENR),"1,6 km (1 mls) NW off  Point Lookout, Stradbroke Island, QLD",Australia,6,6, Damaged beyond repair,-,Douglas C-47 (DC-3),-,-,-,-,-, VHRET,-,Netherlands East Indies AF,Military,-,-,-,-,-,-,-,-,-,6,0,6,0,-,-,-
19470227-1,Thursday,27-FEB-1947,-,A1, Unknown (UNK),at an unknown location,Argentina,-,-, Damaged beyond repair,-,Junkers Ju-52/3mge,-,-,1936,-,-, T-154, 5478,LADE,Military,-,-,-,-,-,-,-,-,-,-,-,-,-,-,-,-
19470228-0,Friday,28-FEB-1947,-,A1, Approach (APR),"0,8 km (0.5 mls) W of Yangon-Mingaladon (RGN)",Myanmar,-,0, Damaged beyond repair,-,Douglas Dakota IV (DC-3),2,Pratt & Whitney R-1830-90C,1945,-,-, KN203, 27067/15622,RAF,Military,-,-,-,-,-,Yangon-Mingaladon Airport,RGN,VYYY,Myanmar,-,-,0,0,-,-,-
19470305-0,Wednesday,05-MAR-1947,-,U1, Unknown (UNK),Paris-Le Bourget Airport (LBG),France,-,-, Damaged beyond repair,-,Amiot AAC.1 (Junkers Ju-52),-,-,-,-,-, F-BAKP, AAC058,Air France,Unknown,-,-,-,-,-,-,-,-,-,-,-,-,-,-,-,-
19470305-1,Wednesday,05-MAR-1947,09:53,A1, En route (ENR),Nizhnesvanetsky Range,Georgia,23,23, Damaged beyond repair,-,Douglas C-47B-10-DK (DC-3),-,-,1944,-,2236.0, CCCP-L952, 26319/14874,Aeroflot / Georgia,Domestic Scheduled Passenger,34,Tbilisi Airport,TBS,UGGG,Georgia,Moskva-Vnukovo Airport,VKO,UUWW,Russia,4,19,4,19,-,-,-
19470306-0,Thursday,06-MAR-1947,-,A2, Unknown (UNK),Lapula River,Zimbabwe,25,0, Substantial, Repaired,Douglas C-47-DL (DC-3),2,Pratt & Whitney R-1830-92,1943,-,-, ZS-BJZ, 9131,Suidair,Scheduled Passenger,-,-,-,-,-,-,-,-,-,3,22,0,0,-,-,-
19470307-0,Friday,07-MAR-1947,-,A1, Unknown (UNK),Guam-Agana NAS (NGM),Guam,-,-, Damaged beyond repair,-,Douglas R5D-3 (DC-4),-,-,1945,-,-, 92002, 10689,US Navy,Military,-,-,-,-,-,-,-,-,-,-,-,-,-,-,-,-
19470308-0,Saturday,08-MAR-1947,14:59,A1, En route (ENR),ca 25 km NW of Villavicencio,Colombia,9,9, Destroyed, Written off (damaged beyond repair),Douglas C-47-DL (DC-3),2,Pratt & Whitney R-1830-92,1942,-,-, C-400, 4792,VIARCO,Domestic Scheduled Passenger,-,Villavicencio-La Vanguardia Airport,VVC,SKVV,Colombia,-,-,-,-,4,5,4,5,-,-,-
19470308-1,Saturday,08-MAR-1947,-,A1, En route (ENR),L'isola di Ischia,Italy,13,13, Damaged beyond repair,-,Douglas Dakota IV (DC-3),2,Pratt & Whitney R-1830-90C,1944,-,-, KK122, 26576/15131,RAF,Military,-,-,-,-,-,-,-,-,-,5,8,5,8,-,-,-
19470308-2,Saturday,08-MAR-1947,-,A1, Taxi (TXI),"Rio de Janeiro-Santos Dumont Airport, RJ (SDU)",Brazil,-,0, Damaged beyond repair,-,Focke-Wulf Fw 200A-0,-,-,-,-,5303.0, PP-CBI, 2996,Cruzeiro do Sul,Unknown,-,-,-,-,-,-,-,-,-,-,-,0,0,-,-,-
19470312-0,Wednesday,12-MAR-1947,09:30,A1, En route (ENR),16 km (10 mls) NW of Bandung,Indonesia,26,26, Destroyed, Written off (damaged beyond repair),Douglas C-47 (DC-3),-,-,-,-,-, VHREZ,-,Netherlands East Indies AF,Military,-,-,-,-,-,Bandung Airport,BDO,WICC,Indonesia,2,24,2,24,-,-,-
19470314-0,Friday,14-MAR-1947,14:00,A1, En route (ENR),"ca 3,5 km N of Château-Bernard",France,23,23, Destroyed, Written off (damaged beyond repair),Douglas C-47A-90-DL (DC-3),2,Pratt & Whitney R-1830-92,1944,-,-, F-BAXO, 20488,Air France,Domestic Scheduled Passenger,-,Nice Airport,NCE,LFMN,France,Lyon-Bron Airport,LYN,LFLY,France,5,18,5,18,-,-,-
19470314-1,Friday,14-MAR-1947,-,A1, Approach (APR),"Charleston Municipal Airport, SC (CHS)",United States of America,2,2, Damaged beyond repair,-,Douglas DC-3C,-,-,1943,-,-, NC88804, 9921,US Airlines,Cargo,-,-,-,-,-,Charleston Municipal Airport,CHS,KCHS,United States of America,2,0,2,0,-,-,-
19470314-2,Friday,14-MAR-1947,-,A1, Landing (LDG),Lyneham RAF Station (LYE),United Kingdom,-,0, Damaged beyond repair,-,Avro 685 York C.1,4,Rolls-Royce Merlin,-,-,-, MW202,-,RAF,Military,-,-,-,-,-,Lyneham RAF Station,LYE,EGDL,United Kingdom,-,-,0,0,-,-,-
19470316-0,Sunday,16-MAR-1947,-,O1, Standing (STD),Pembroke Dock,United Kingdom,0,0, Damaged beyond repair,-,Short Sunderland GR.5,-,-,1946,-,-, VB886,-,RAF,Military,-,-,-,-,-,-,-,-,-,0,0,0,0,-,-,-
19470317-0,Monday,17-MAR-1947,-,A1, En route (ENR),12 km (7.5 mls) NW of Medellín-Enrique Olaya Herrera Airport (EOH),Colombia,8,8, Damaged beyond repair,-,Lockheed C-60A-5-LO Lodestar,-,-,1943,-,-, YS-28, 18-2450,TACA,International Scheduled Passenger,-,Medellín-Enrique Olaya Herrera Airport,EOH,SKMD,Colombia,-,-,-,-,3,5,3,5,-,-,-
19470318-0,Tuesday,18-MAR-1947,-,A1, Initial climb (ICL),3 km (1.9 mls) N of Negombo RAF Station,Sri Lanka,15,11, Damaged beyond repair,-,Avro 685 York C.1,4,Rolls-Royce Merlin,-,-,-, MW198,-,RAF,Military,-,Negombo RAF Station,CMB,VCBI,Sri Lanka,-,-,-,-,6,9,4,7,-,-,-
19470319-0,Wednesday,19-MAR-1947,-,A1, Unknown (UNK),Masindi,Uganda,-,0, Damaged beyond repair,-,Douglas DC-3,-,-,-,-,-, ZS-AUK,-,Pan African Air Charter,Unknown,-,-,-,-,-,-,-,-,-,-,-,0,0,-,-,-
19470319-1,Wednesday,19-MAR-1947,-,A1, En route (ENR),near Bucaramanga,Colombia,5,5, Damaged beyond repair,-,Lockheed C-60A-5-LO Lodestar,-,-,1943,-,-, C-202, 18-2493,TACA de Colombia,Domestic Scheduled Passenger,-,-,-,-,-,-,-,-,-,2,3,2,3,-,-,-
19470319-2,Wednesday,19-MAR-1947,-,A1, Unknown (UNK),83 km (51.9 mls) E of Aq Qaleh,Iran,-,-, Damaged beyond repair,-,Douglas C-47B-1-DK (DC-3),2,Pratt & Whitney R-1830-90C,1944,-,-, 43-48303, 25564/14119,USAAF,Military,-,-,-,-,-,-,-,-,-,-,-,-,-,-,-,-
19470320-0,Thursday,20-MAR-1947,-,A1, Landing (LDG),Caracas-La Carlota Airport,Venezuela,3,0, Damaged beyond repair,-,Douglas C-47A-30-DL (DC-3),2,Pratt & Whitney R-1830-92,1943,-,-, YV-C-AMU, 9512,LAV,Training,-,-,-,-,-,-,-,-,-,3,0,0,0,-,-,-
19470320-1,Thursday,20-MAR-1947,-,U1, Unknown (UNK),Freetown,Sierra Leone,-,-, Damaged beyond repair,-,Amiot AAC.1 (Junkers Ju-52),-,-,-,-,-, F-BAKM, AAC055,Air France,Unknown,-,-,-,-,-,-,-,-,-,-,-,-,-,-,-,-
19470320-2,Thursday,20-MAR-1947,-,A1, En route (ENR),40 km (25 mls) SSW of Dessie,Ethiopia,6,6, Damaged beyond repair,-,Douglas C-47A-25-DK (DC-3),2,Pratt & Whitney R-1830-92,1944,-,-, 42-93804, 13756,USAAF,Military,-,Asmara International Airport,ASM,HAAY,Eritrea,Addis Ababa-Bole Airport,ADD,HAAB,Ethiopia,4,2,4,2,-,-,-
19470322-0,Saturday,22-MAR-1947,-,A1, Unknown (UNK),"Fairfield-Suisun AAB, CA (SUU)",United States of America,-,-, Damaged beyond repair,-,Douglas C-47D,2,Pratt & Whitney R-1830-90,1945,-,-, 44-77288, 33620/16872,USAAF,Military,-,-,-,-,-,-,-,-,-,-,-,-,-,-,-,-
19470326-0,Wednesday,26-MAR-1947,-,A1, En route (ENR),"near Gimbat Station, NT",Australia,6,0, Damaged beyond repair,-,Douglas C-47A-25-DK (DC-3),2,Pratt & Whitney R-1830-92,1944,-,-, W-12, 13210,Dutch Navy,Military,-,-,-,-,-,-,-,-,-,6,0,0,0,-,-,-
19470401-0,Tuesday,01-APR-1947,-,A1, Landing (LDG),"off Tampa, FL",United States of America,-,1, Damaged beyond repair,-,Martin PBM-5G Mariner,-,-,-,-,-, 59002,-,US Navy,Military,-,-,-,-,-,-,-,-,-,-,-,1,0,-,-,-
19470404-0,Friday,04-APR-1947,-,A1, Takeoff (TOF),"Palm Beach-Palm Beach County Airport, FL (LNA)",United States of America,2,0, Damaged beyond repair,-,Douglas C-47A-65-DL (DC-3),2,Pratt & Whitney R-1830-92,1943,-,-, NC52710, 19095,International Air Freight,Cargo,-,Palm Beach-Palm Beach County Airport,LNA,KLNA,United States of America,-,-,-,-,2,0,0,0,-,-,-
19470405-0,Saturday,05-APR-1947,-,A1, Unknown (UNK),"8 km (5 mls) W of Decaturville, TN",United States of America,4,4, Damaged beyond repair,-,Douglas C-47B-25-DK (DC-3),2,Pratt & Whitney R-1830-90C,1945,-,-, 44-76231, 32563/15815,USAAF,Military,-,-,-,-,-,-,-,-,-,2,2,2,2,-,-,-
19470408-0,Tuesday,08-APR-1947,10:30,A1, En route (ENR),40 km (25 mls) E of Caracas,Venezuela,27,27, Damaged beyond repair,-,Douglas C-47 (DC-3),-,-,-,-,-, YV-ALO,-,LAV,Domestic Scheduled Passenger,-,Cumaná Airport,CUM,SVCU,Venezuela,-,-,-,-,3,24,3,24,-,-,-
19470409-0,Wednesday,09-APR-1947,-,A1, Takeoff (TOF),"San Antonio-Kelly AFB, TX (SKF)",United States of America,21,1, Damaged beyond repair,-,Douglas C-47D (DC-3),2,Pratt & Whitney R-1830-90,1944,-,-, 43-49258, 26519/15074,USAAF,Military,-,San Antonio-Kelly AFB,SKF,KSKF,United States of America,Tucson-Davis Monthan AFB,DMA,KDMA,United States of America,-,-,-,-,-,-,-
19470409-1,Wednesday,09-APR-1947,-,A1, Standing (STD),Stockholm-Bromma Airport (BMA),Sweden,0,0, Damaged beyond repair,-,Fokker F.XII,3,Pratt & Whitney R-1340 Wasp C,1932,-,-, SE-ACZ, 5303,Svensk Flygtjänst,-,-,-,-,-,-,-,-,-,-,0,0,0,0,-,-,-
19470410-0,Thursday,10-APR-1947,-,A1, En route (ENR),Dalbry,United Kingdom,6,6, Damaged beyond repair,-,Douglas C-47B-5-DK (DC-3),2,Pratt & Whitney R-1830-90C,1944,-,-, K14, 26157/14712,Belgian AF,Military,-,-,-,-,-,-,-,-,-,3,3,3,3,-,-,-
19470413-0,Sunday,13-APR-1947,-,A1, Landing (LDG),Dakar-Yoff Airport (DKR),Senegal,15,6, Damaged beyond repair,-,Avro 685 York I,4,Rolls-Royce Merlin,1946,-,-, G-AHEZ, 1303,BSAA,International Scheduled Passenger,-,Lisboa-Portela de Sacavém Airport,LIS,LPPT,Portugal,Dakar-Yoff Airport,DKR,GOOY,Senegal,6,9,0,6,-,-,-
19470413-2,Sunday,13-APR-1947,-,A1, Landing (LDG),Medellín-Enrique Olaya Herrera Airport (EOH),Colombia,2,0, Damaged beyond repair,-,Lockheed C-60A-5-LO Lodestar,-,-,-,-,-, C-803, 18-2...,Transandina,Cargo,-,-,-,-,-,Medellín-Enrique Olaya Herrera Airport,EOH,SKMD,Colombia,2,0,0,0,-,-,-
19470419-0,Saturday,19-APR-1947,-,A1, Unknown (UNK),10 km (6.3 mls) S of Malakal,South Sudan,21,0, Damaged beyond repair,-,Douglas R4D-2 (DC-3),-,-,1941,-,-, ZS-BNB, 4098,Mercury Aviation,Passenger,-,-,-,-,-,-,-,-,-,4,17,0,0,-,-,-
19470422-0,Tuesday,22-APR-1947,10:40,A1, Approach (APR),"Columbus, GA",United States of America,8,8, Damaged beyond repair,-,Douglas DC-3C,2,Pratt & Whitney R-1830-92,1943,-,2899.0, NC49657, 9066,Delta Air Lines,Executive,-,-,-,-,-,-,-,-,-,1,7,1,7,1,-,Final
19470422-1,Tuesday,22-APR-1947,-,A1, En route (ENR),32 km (20 mls) S of Karlovy Vary,Czech Republic,-,-, Damaged beyond repair,-,Douglas C-47A-5-DL (DC-3),2,Pratt & Whitney R-1830-92,1943,-,-, 42-23368, 9230,USAAF,Military,-,-,-,-,-,-,-,-,-,-,-,-,-,-,-,-
19470422-2,Tuesday,22-APR-1947,-,A1, En route (ENR),"180 km (112.5 mls) N of Volochanka Village, Taymyr Peninsula",Russia,34,9, Damaged beyond repair,-,Douglas C-47-DL (DC-3),-,-,1943,-,2691.0, CCCP-L1204, 9118,Aeroflot / Krasnoyarsk,Domestic Scheduled Passenger,-,-,-,-,-,Khatanga Airport,HTG,UOHH,Russia,5,29,2,7,-,-,-
