identifiant,week_day,date,time,type_event,phase,location,country,total_occupants,total_fatalities,aircraft_damage,aircraft_fate,type_aircraft,number_engines,type_engines,first_flight,cycles,total_airframe_hours,registration,c_n_msn,operator,nature,flight_number,departure_airport_name,departure_airport_IATA,departure_airport_ICAO,departure_airport_country,destination_airport_name,destination_airport_IATA,destination_airport_ICAO,destination_airport_country,crew_number,passengers_number,crew_fatalities,passengers_fatalities,collision_casualties,ground_casualties,status
19750920-0,Saturday,20-SEP-1975,03:55,A2, Takeoff (TOF),"New York-John F. Kennedy International Airport, NY (JFK)",United States of America,4,0, Minor, Repaired,McDonnell Douglas DC-8-63CF,4,Pratt & Whitney JT3D-7,1968,-,27391.0, N6161A, 45969/396,Airlift Int.,Cargo,101,New York-John F. Kennedy International Airport,JFK,KJFK,United States of America,Miami International Airport,MIA,KMIA,United States of America,3,1,0,0,-,-,Final
19750922-0,Monday,22-SEP-1975,-,A1, Landing (LDG),Skopje Airport (SKP),North Macedonia,-,-, Damaged beyond repair,-,Antonov An-2R,-,-,-,-,-, SP-WNZ, 1G155-29,ZUA,Unknown,-,-,-,-,-,Skopje Airport,SKP,LWSK,North Macedonia,-,-,-,-,-,-,-
19750924-2,Wednesday,24-SEP-1975,-,A1, Approach (APR),4 km (2.5 mls) from  Palembang Airport (PLM),Indonesia,61,25, Damaged beyond repair,-,Fokker F-28 Fellowship 1000,-,-,1971,7533.0,8516.0, PK-GVC, 11039,Garuda,Domestic Scheduled Passenger,GA150,-,-,-,-,Palembang Airport,PLM,WIPP,Indonesia,4,57,4,21,-,1,-
19750925-0,Thursday,25-SEP-1975,-,A1, Landing (LDG),"La Grande-LG-2 airstrip, QC",Canada,-,0, Damaged beyond repair,-,Douglas C-47A-15-DL (DC-3),2,Pratt & Whitney R-1830-92,1943,-,-, CF-ECY, 9264,Laurentian Air Services,Cargo,-,-,-,-,-,-,-,-,-,-,-,0,0,-,-,-
19750925-1,Thursday,25-SEP-1975,-,A1, Approach (APR),"Fort Severn Airport, ON (YER)",Canada,3,3, Damaged beyond repair,-,Douglas C-47A-75-DL (DC-3),2,Pratt & Whitney R-1830-92,1943,-,-, CF-AII, 19353,Ilford Riverton,Domestic Non Scheduled Passenger,-,Pickle Lake Airport,YPL,CYPL,Canada,Fort Severn Airport,YER,CYER,Canada,2,1,2,1,-,-,-
19750926-0,Friday,26-SEP-1975,-,A1, Initial climb (ICL),"13 km (8.1 mls) SSE of Santa Ana-El Toro MCAS, CA (NZJ)",United States of America,6,4, Damaged beyond repair,-,Convair C-131F (CV-340),-,-,1955,-,-, 141012, 295,US Navy,Military,-,Santa Ana-El Toro MCAS,NZJ,KNZJ,United States of America,Santa Ana-El Toro MCAS,NZJ,KNZJ,United States of America,6,0,4,0,-,-,-
19750926-1,Friday,26-SEP-1975,-,A1, Unknown (UNK),near Tancos Air Base,Portugal,11,11, Damaged beyond repair,-,Nord 2501D Noratlas,2,Bristol Hercules 739,-,-,-, 6422, D050,Portuguese AF,Military,-,-,-,-,-,-,-,-,-,-,-,-,-,-,-,-
19750927-0,Saturday,27-SEP-1975,06:00,A1, Takeoff (TOF),"Miami International Airport, FL (MIA)",United States of America,10,6, Damaged beyond repair,-,Canadair CC-106 Yukon (CL-44),4,Rolls-Royce Tyne 515-10,1961,5891.0,20108.0, LV-JSY,  5,AER,Cargo, 501/90,Miami International Airport,MIA,KMIA,United States of America,Panama City-Paitilla Airport,PAC,MPMG,Panama,6,4,4,2,-,-,Final
19750927-1,Saturday,27-SEP-1975,-,H2, Unknown (UNK),Mikonos,Greece,-,0, Unknown,-,Shorts SC.7 Skyvan,-,-,-,-,-, registration unknown,-,Olympic Airways,Unknown,-,Athens-Ellinikon International Airport,ATH,LGAT,Greece,Mikonos Airport,JMK,LGMK,Greece,-,-,0,0,-,-,-
19750930-0,Tuesday,30-SEP-1975,-,A1, En route (ENR),"Klua Tan Tan, BC",Canada,7,7, Damaged beyond repair,-,de Havilland Canada DHC-6 Twin Otter 200,2,Pratt & Whitney Canada PT6A-20,1968,-,-, CF-MHU, 142,Northern Thunderbird Air,Domestic Scheduled Passenger,-,Prince George Airport,YXS,CYXS,Canada,Dease Lake Airport,YDL,CYDL,Canada,2,5,2,5,-,-,-
19750930-1,Tuesday,30-SEP-1975,03:44,A1, Approach (APR),10 km (6.3 mls) off  Beirut International Airport (BEY),Lebanon,60,60, Damaged beyond repair,-,Tupolev Tu-154A,3,Kuznetsov NK-8-2U,1974,-,1186.0, HA-LCI, 74A053,Malev,International Scheduled Passenger,MA240,Budapest-Ferihegy Airport,BUD,LHBP,Hungary,Beirut International Airport,BEY,OLBA,Lebanon,10,50,10,50,-,-,-
19750930-2,Tuesday,30-SEP-1975,-,A1, Approach (APR),Barranquilla Airport (BAQ),Colombia,4,4, Damaged beyond repair,-,Boeing 727-24C,3,Pratt & Whitney JT8D-7,1967,-,-, HK-1272, 19525/439,Avianca,Cargo,-,Bogotá-Eldorado Airport,BOG,SKBO,Colombia,Barranquilla-Soledad Airport,BAQ,SKBQ,Colombia,4,0,4,0,-,-,Preliminary
19751005-0,Sunday,05-OCT-1975,-,H2, En route (ENR),"Rafaela Aerodrome, SF",Argentina,-,0, Unknown,-,Boeing 737-287C,2,Pratt & Whitney JT8D-9A,1970,-,-, LV-JNE, 20408/265,Aerolineas Argentinas,Domestic Scheduled Passenger,-,-,-,-,-,Corrientes-Camba Punta Airport,CNQ,SARC,Argentina,-,-,0,0,-,-,-
19751006-0,Monday,06-OCT-1975,-,A1, Approach (APR),near Kirov Airport (KVX),Russia,-,-, Damaged beyond repair,-,Yakovlev Yak-40,3,Ivchenko AI-25,1973,-,-, CCCP-87328, 9330730,Aeroflot / Uralsk,Unknown,-,-,-,-,-,Kirov Airport,KVX,USKK,Russia,-,-,-,-,-,-,-
19751007-0,Tuesday,07-OCT-1975,-,H2, Unknown (UNK),Manila,Philippines,-,0, Unknown,-,BAC One-Eleven,-,-,-,-,-, registration unknown,-,Philippine Air Lines,Unknown,-,Davao-Mati Airport,DVO,RPMD,Philippines,Manila Airport,MNL,RPLL,Philippines,-,-,0,0,-,-,-
19751007-1,Tuesday,07-OCT-1975,-,A1, Unknown (UNK),Sawu Island,Indonesia,-,-, Damaged beyond repair,-,IRMA/Britten-Norman BN-2A-3 Islander,-,-,1971,-,-, PK-OAV, 639,Dirgantara Air Services,Unknown,-,-,-,-,-,-,-,-,-,-,-,-,-,-,-,-
19751010-0,Friday,10-OCT-1975,-,A1, Takeoff (TOF),Sverdlovsk-Koltsovo Airport (SVX),Russia,-,-, Damaged beyond repair,-,Antonov An-8,-,-,1960,3045.0,4362.0, CCCP-69316, OD-3490,MAP Zhukovski,Unknown,-,Sverdlovsk-Koltsovo Airport,SVX,USSS,Russia,-,-,-,-,-,-,-,-,-,-,-
19751015-0,Wednesday,15-OCT-1975,-,A1, Initial climb (ICL),"Cherry Point MCAS, NC (NKT)",United States of America,9,9, Damaged beyond repair,-,Grumman TC-4C (G-159 Gulfstream I),-,-,1967,-,-, 155723, 178,USMC,Military,-,-,-,-,-,-,-,-,-,9,0,9,0,-,-,-
19751017-0,Friday,17-OCT-1975,-,A1, Landing (LDG),Inishmore Airport (IOR),Ireland,7,0, Damaged beyond repair,-,Britten-Norman BN-2A-26 Islander,-,-,1974,-,-, EI-BBA, 444,Aer Arann,Domestic Scheduled Passenger,-,-,-,-,-,Inishmore-Kilronan Airport,IOR,EIIM,Ireland,-,-,0,0,-,-,-
19751019-0,Sunday,19-OCT-1975,-,A1, Unknown (UNK),Trinidad,Bolivia,3,3, Damaged beyond repair,-,Curtiss C-46A-5-CU Commando,2,Pratt & Whitney R-2800-51,1943,-,-, CP-992, 26433,Aerovias Las Minas,Unknown,-,-,-,-,-,-,-,-,-,3,0,3,0,-,-,-
19751022-1,Wednesday,22-OCT-1975,-,A1, Approach (APR),near Novgorod Airport (NVR),Russia,6,6, Damaged beyond repair,-,Yakovlev Yak-40,3,Ivchenko AI-25,1974,1500.0,2002.0, CCCP-87458, 9431736,Aeroflot / Latvia,Domestic Scheduled Passenger,-,Vologda Airport,VGD,ULWW,Russia,Novgorod Airport,NVR,ULNN,Russia,4,2,4,2,-,5,-
19751023-0,Thursday,23-OCT-1975,19:28,A1, Approach (APR),"3 km (1.9 mls) N of Cairns Airport, QLD (CNS)",Australia,11,11, Destroyed, Written off (damaged beyond repair),de Havilland DH-114 Riley Heron 2E/A1,4,Lycoming IO-540,1955,-,14986.0, VH-CLS, 14067,Connair,Domestic Scheduled Passenger,1263,Mount Isa Airport,ISA,YBMA,Australia,Cairns Airport,CNS,YBCS,Australia,3,8,3,8,-,-,Final
19751026-0,Sunday,26-OCT-1975,-,O1, Standing (STD),Mazatlan Airport (MZT),Mexico,-,-, Damaged beyond repair,-,GAF Nomad N.22,-,-,1974,-,-, VH-AUI,   1,GAF,-,-,-,-,-,-,-,-,-,-,-,-,-,-,-,-,-
19751027-0,Monday,27-OCT-1975,06:45,A1, En route (ENR),Cerro Colorado,Bolivia,67,67, Damaged beyond repair,-,Convair CV-440-12,-,-,1956,-,-, TAM-44, 328,TAM,Domestic Non Scheduled Passenger,-,-,-,-,-,La Paz-El Alto Airport,LPB,SLLP,Bolivia,4,63,4,63,-,-,-
19751030-0,Thursday,30-OCT-1975,09:20,A1, Approach (APR),8 km (5 mls) NE of Praha-Ruzyne International Airport (PRG),Czech Republic,120,75, Damaged beyond repair,-,McDonnell Douglas DC-9-32,2,Pratt & Whitney JT8D-9,1971,-,-, YU-AJO, 47457/620,Inex-Adria Aviopromet,Int'l Non Scheduled Passenger, 450,Tivat Airport,TIV,LYTV,Montenegro,Praha-Ruzyne International Airport,PRG,LKPR,Czech Republic,5,115,4,71,-,-,-
19751103-0,Monday,03-NOV-1975,21:30,A1, Landing (LDG),"80 km (50 mls) N of Frobisher Bay, NU",Canada,26,0, Damaged beyond repair,-,Douglas C-47A-10-DK Dakota 3,-,-,1944,-,-, C-FOOY, 12411,Kenting Atlas Aviation,Domestic Non Scheduled Passenger,-,Pond Inlet Airport,YIO,CYIO,Canada,Frobisher Bay Airport,YFB,CYFB,Canada,3,23,0,0,-,-,-
19751105-0,Wednesday,05-NOV-1975,-,U1, Unknown (UNK),at an unknown location,Unknown country,-,-, Damaged beyond repair,-,Douglas C-47B-1-DK (DC-3),2,Pratt & Whitney R-1830-90C,1944,-,-, T.3-30, 25531/14086,Spanish AF,Military,-,-,-,-,-,-,-,-,-,-,-,-,-,-,-,-
19751105-1,Wednesday,05-NOV-1975,-,U1, Unknown (UNK),at an unknown location,Unknown country,-,-, Damaged beyond repair,-,Douglas C-47A-15-DK (DC-3),2,Pratt & Whitney R-1830-92,1944,-,-, T.3-31, 12692,Spanish AF,Military,-,-,-,-,-,-,-,-,-,-,-,-,-,-,-,-
19751105-2,Wednesday,05-NOV-1975,-,U1, Unknown (UNK),at an unknown location,Unknown country,-,-, Damaged beyond repair,-,Douglas C-47B-5-DK (DC-3),2,Pratt & Whitney R-1830-90C,1944,-,-, T.3-35, 25836/14391,Spanish AF,Military,-,-,-,-,-,-,-,-,-,-,-,-,-,-,-,-
19751112-0,Wednesday,12-NOV-1975,20:02,A2, Landing (LDG),"Raleigh/Durham Airport, NC (RDU)",United States of America,139,0, Substantial, Repaired,Boeing 727-225,3,Pratt & Whitney JT8D-7,1970,-,15969.0, N8838E, 20381/823,Eastern Air Lines,Domestic Scheduled Passenger,EA576,Atlanta Hartsfield-Jackson International Airport,ATL,KATL,United States of America,Raleigh/Durham Airport,RDU,KRDU,United States of America,8,131,0,0,-,-,Final
19751112-1,Wednesday,12-NOV-1975,13:10,A1, Takeoff (TOF),"New York-John F. Kennedy International Airport, NY (JFK)",United States of America,139,0, Destroyed, Written off (damaged beyond repair),McDonnell Douglas DC-10-30CF,3,General Electric CF6-50C,1973,-,8193.0, N1032F, 46826/109,ONA,Ferry/positioning, 032,New York-John F. Kennedy International Airport,JFK,KJFK,United States of America,Frankfurt International Airport,FRA,EDDF,Germany,10,129,0,0,-,-,Final
19751115-0,Saturday,15-NOV-1975,-,A1, Approach (APR),"4 km (2.5 mls) NNE of Concordia Airport, ER (COC)",Argentina,60,0, Damaged beyond repair,-,Fokker F-28 Fellowship 1000,-,-,1974,2816.0,1618.0, LV-LOB, 11086,Aerolineas Argentinas,Domestic Scheduled Passenger,-,Buenos Aires-Jorge Newbery Airport,AEP,SABE,Argentina,Concordia Airport,COC,SAAC,Argentina,4,56,0,0,-,-,-
19751115-1,Saturday,15-NOV-1975,-,O1, Standing (STD),"La Grande Airport, QC (YGL)",Canada,-,-, Damaged beyond repair,-,Douglas C-47-DL (DC-3),2,Pratt & Whitney R-1830-92,1943,-,-, C-FCSC, 6183,Nordair,Unknown,-,-,-,-,-,-,-,-,-,-,-,-,-,-,-,-
19751117-0,Monday,17-NOV-1975,22:14,A1, En route (ENR),25 km (15.6 mls) NE of Gali,Georgia,38,38, Damaged beyond repair,-,Antonov An-24RV,2,Ivchenko AI-24VT,1972,6878.0,7335.0, CCCP-46467, 27307905,Aeroflot / North Kavkaz,Domestic Scheduled Passenger,6274,Tbilisi Airport,TBS,UGGG,Georgia,Sukhumi-Babusheri Airport,SUI,UGSS,Georgia,5,33,5,33,-,-,-
19751118-0,Tuesday,18-NOV-1975,-,A1, En route (ENR),2 km (1.3 mls) from  El Caoba,Guatemala,22,15, Damaged beyond repair,-,Douglas C-47-DL (DC-3),2,Pratt & Whitney R-1830-92,1942,-,-, TG-AGA, 6142,Aviateca,Domestic Scheduled Passenger,-,Flores-Santa Elena Airport,FRS,MGFL,Guatemala,-,-,-,-,4,18,4,11,-,-,-
19751120-0,Thursday,20-NOV-1975,-,A1, En route (ENR),17 km (10.6 mls) W of Kharkov Airport (HRK),Ukraine,50,19, Damaged beyond repair,-,Antonov An-24B,-,-,1969,8146.0,9445.0, CCCP-46349, 97305708,Aeroflot / Belarus,Domestic Scheduled Passenger,-,Rostov Airport,ROV,URRR,Russia,Kharkov Airport,HRK,UKHH,Ukraine,4,46,1,18,-,-,-
19751120-1,Thursday,20-NOV-1975,16:11,A1, Initial climb (ICL),"Dunsfold Airport, Surrey",United Kingdom,9,0, Damaged beyond repair,-,Hawker Siddeley HS-125-600B,2,Rolls-Royce Viper 601,1974,-,373.0, G-BCUX, 256043,Hawker Siddeley,Demonstration,-,-,-,-,-,-,-,-,-,2,7,0,0,-,6,Final
19751122-0,Saturday,22-NOV-1975,-,A1, Takeoff (TOF),Sofia-Vrazhdebna Airport (SOF),Bulgaria,45,3, Damaged beyond repair,-,Antonov An-24V,-,-,1966,-,-, LZ-ANA, 67302707,Balkan Bulgarian,Domestic Scheduled Passenger,-,Sofia-Vrazhdebna Airport,SOF,LBSF,Bulgaria,Varna Airport,VAR,LBWN,Bulgaria,3,42,1,2,-,-,-
19751125-0,Tuesday,25-NOV-1975,-,A1, En route (ENR),56 km (35 mls) SSE of El Arish,Egypt,20,20, Damaged beyond repair,-,Lockheed C-130H Hercules,-,-,1974,-,-, 4X-FBC/203, 4530,Israeli AF,Military,-,-,-,-,-,-,-,-,-,-,-,-,-,-,-,-
19751129-0,Saturday,29-NOV-1975,-,U1, Unknown (UNK),"Igloolik Airport, NU (YGT)",Canada,-,0, Damaged beyond repair,-,Douglas C-47A-5-DK (DC-3),2,Pratt & Whitney R-1830-92,1944,-,-, CF-OOX, 12238,Kenting Atlas Aviation,Unknown,-,-,-,-,-,-,-,-,-,-,-,0,0,-,-,-
19751203-0,Wednesday,03-DEC-1975,-,A2, Landing (LDG),Athens-Ellinikon International Airport (ATH),Greece,7,0, Substantial, Repaired,Boeing 747-123F (SCD),4,Pratt & Whitney JT9D-7A,1971,-,-, OD-AGC, 20391/143 ,TMA,Cargo,-,-,-,-,-,Athens-Ellinikon International Airport,ATH,LGAT,Greece,7,0,0,0,-,-,-
19751203-1,Wednesday,03-DEC-1975,-,A1, Unknown (UNK),Du Motu,Tonga,-,-, Damaged beyond repair,-,Britten-Norman BN-2A-8 Islander,-,-,1968,-,-, VH-ISG, 18,Pacific Resorts,Unknown,-,-,-,-,-,-,-,-,-,-,-,-,-,-,-,-
19751207-0,Sunday,07-DEC-1975,-,A1, Initial climb (ICL),"ca 8 km S of Fairbanks-Eielson AFB, AK (EIL)",United States of America,4,4, Damaged beyond repair,-,Boeing KC-135A Stratotanker,4,Pratt & Whitney J57-P,1961,-,6594.0, 60-0354, 18129/468,USAF,Military,-,Fairbanks-Eielson AFB,EIL,PAEI,United States of America,Fairbanks-Eielson AFB,EIL,PAEI,United States of America,4,0,4,0,-,-,-
19751210-0,Wednesday,10-DEC-1975,-,A1, Unknown (UNK),near Serafimovich,Russia,-,0, Damaged beyond repair,-,Antonov An-2R,-,-,-,-,-, CCCP-23691, 1G32-24,Aeroflot / North Kavkaz,Unknown,-,-,-,-,-,-,-,-,-,-,-,0,0,-,-,-
19751213-0,Saturday,13-DEC-1975,-,A1, En route (ENR),near Nizhneangarsk,Russia,-,0, Damaged beyond repair,-,Antonov An-2R,-,-,-,-,-, CCCP-49280, 1G10-24,Aeroflot / East Siberia,Unknown,-,-,-,-,-,-,-,-,-,-,-,0,0,-,-,-
19751215-0,Monday,15-DEC-1975,-,A1, Takeoff (TOF),Fergana Airport (FEG),Uzbekistan,-,0, Damaged beyond repair,-,Antonov An-12B,4,Ivchenko AI-20M,1966,-,-, CCCP-11005, 6343907,Aeroflot / Yakutsk,Unknown,-,Fergana Airport,FEG,UTKF,Uzbekistan,-,-,-,-,-,-,0,0,-,-,-
19751216-0,Tuesday,16-DEC-1975,20:55,A2, Taxi (TXI),"Anchorage International Airport, AK (ANC)",United States of America,121,0, Substantial, Repaired,Boeing 747-246B,4,Pratt & Whitney JT9D-7,1974,-,5569.0, JA8122, 20924/235,JAL,International Scheduled Passenger,JL422,Anchorage International Airport,ANC,PANC,United States of America,Tokyo-Haneda Airport,HND,RJTT,Japan,20,101,0,0,-,-,Final
19751220-0,Saturday,20-DEC-1975,-,A1, Landing (LDG),Reykjavík-Naval Air Station Keflavík (KEF),Iceland,-,-, Damaged beyond repair,-,Douglas C-117D (DC-3),-,-,1945,-,-, 39096, 43338,US Navy,Military,-,-,-,-,-,Keflavík Naval Air Station,KEF,BIKF,Iceland,-,-,-,-,-,-,-
19751221-0,Sunday,21-DEC-1975,10:55,A1, En route (ENR),"18 km (11.3 mls) S of Ukiah, CA",United States of America,2,2, Damaged beyond repair,-,North American CT-39E Sabreliner,2,Pratt & Whitney JT12A-6A Turbo Wasp,-,-,-, 157352, 282-46,US Navy,Military,-,Alameda NAS,NGZ,KNGZ,United States of America,Alameda NAS,NGZ,KNGZ,United States of America,2,0,2,0,-,-,-
19751221-1,Sunday,21-DEC-1975,-,A1, Unknown (UNK),Tacloban (TAC),Philippines,9,9, Damaged beyond repair,-,Britten-Norman BN-2A-21 Islander,-,-,1975,-,-, RP-C2136, 440,Philippine Aerotransport,Passenger,-,-,-,-,-,-,-,-,-,-,-,-,-,-,-,-
19751222-0,Monday,22-DEC-1975,10:29,A1, Landing (LDG),Milano-Malpensa Airport (MXP),Italy,125,0, Damaged beyond repair,-,Boeing 707-331B,4,Pratt & Whitney JT3D-3B,1966,-,-, N18701, 18978/465,TWA,International Scheduled Passenger,TW842,New York-John F. Kennedy International Airport,JFK,KJFK,United States of America,Milano-Malpensa Airport,MXP,LIMC,Italy,8,117,0,0,-,-,-
19751228-1,Sunday,28-DEC-1975,-,O1, Standing (STD),London-Heathrow Airport (LHR),United Kingdom,0,0, Damaged beyond repair,-,Hawker Siddeley HS-121 Trident 1C,-,-,1962,-,-, G-ARPC, 2103,British Airways,-,-,-,-,-,-,-,-,-,-,0,0,0,0,-,-,-
19751229-0,Monday,29-DEC-1975,08:30,A1, Approach (APR),"16 km (10 mls) W of Slave Lake Airport, AB (YZH)",Canada,11,2, Damaged beyond repair,-,Beechcraft 99 Airliner,2,Pratt & Whitney Canada PT6A-20,1969,-,-, C-GWYD, U-113,Bayview Air Services,Domestic Scheduled Passenger,-,-,-,-,-,Slave Lake Airport,YZH,CYZH,Canada,2,9,2,0,-,-,-
19751299-0,-,xx-DEC-1975,-,A1, Landing (LDG),Kufrah Airport (AKF),Libya,-,0, Damaged beyond repair,-,Antonov An-12B,4,Ivchenko AI-20M,1968,-,-, LZ-BAA, 8346001,Balkan Bulgarian,Unknown,-,-,-,-,-,Kufrah Airport,AKF,HLKF,Libya,-,-,0,0,-,-,-
19759999-0,-,xx-xxx-1975,-,C1, Standing (STD),Phnom Penh-Pochentong Airport (PNH),Cambodia,-,-, Damaged beyond repair,-,Britten-Norman BN-2A-6 Islander,-,-,1970,-,-, XU-BAE, 190,Khmer Airlines,-,-,-,-,-,-,-,-,-,-,-,-,-,-,-,-,-
19759999-1,-,xx-xxx-1975,-,O1, Standing (STD),at an unknown location,Unknown country,-,-, Damaged beyond repair,-,Let L-410A,-,-,1972,-,-, OK-DKD, 720205,Let,Unknown,-,-,-,-,-,-,-,-,-,-,-,-,-,-,-,-
19759999-3,-,xx-xxx-1975,-,A1, Unknown (UNK),Meck Island,Marshall Islands,-,-, Damaged beyond repair,-,de Havilland Canada DHC-4A Caribou,-,-,1969,-,-, 66-250, 250,US Army,Military,-,-,-,-,-,-,-,-,-,-,-,-,-,-,-,-
19759999-4,-,XX-XXX-1975,-,A1, Landing (LDG),at an unknown location,Unknown country,-,-, Damaged beyond repair,-,Antonov An-2R,-,-,-,-,-, CCCP-09233, 1G22-11,Aeroflot / Uralsk,Unknown,-,-,-,-,-,-,-,-,-,-,-,-,-,-,-,-
19759999-5,-,XX-XXX-1975,-,O1, Standing (STD),at an unknown location,Poland,-,-, Damaged beyond repair,-,Antonov An-2R,-,-,-,-,-, SP-ANW, 1G54-01,WSK Mielec,-,-,-,-,-,-,-,-,-,-,-,-,-,-,-,-,-
19759999-6,-,xx-xxx-1975,-,O1, Standing (STD),Mielec,Poland,0,0, Damaged beyond repair,-,Antonov An-2R,-,-,-,-,-, --, 1G160-08,PZL-Mielec,-,-,-,-,-,-,-,-,-,-,0,0,0,0,-,-,-
19759999-7,-,xx-xxx-1975,-,U1, Unknown (UNK),Quito,Ecuador,-,-, Damaged beyond repair,-,Dornier Do 28D-1 Skyservant,-,-,-,-,-, HC-AVT, 4009,Unknown,Unknown,-,-,-,-,-,-,-,-,-,-,-,-,-,-,-,-
19759999-8,-,xx-xxx-1975,-,A1, Unknown (UNK),"Wenatchee, WA",United States of America,-,-, Damaged beyond repair,-,Lockheed P-2H Neptune,-,-,-,-,-, N14448, 826-8013,Black Hills Aviation,Unknown,-,-,-,-,-,-,-,-,-,-,-,-,-,-,-,-
19759999-9,-,xx-xxx-1975,-,U1, Unknown (UNK),unknown,Portugal,-,0, Damaged beyond repair,-,Nord 2501D Noratlas,2,Bristol Hercules 739,-,-,-, 6418, D054,Portuguese AF,Military,-,-,-,-,-,-,-,-,-,-,-,0,0,-,-,-
19750101-0,Wednesday,01-JAN-1975,16:00,A1, En route (ENR),"off Fort Lauderdale, FL",United States of America,3,0, Damaged beyond repair,-,Douglas C-47A-30-DL (DC-3),2,Pratt & Whitney R-1830-92,1943,-,-, N9BC, 9510,Air O'Hare,Private,-,Freeport-Grand Bahama International Airport,FPO,MYGF,Bahamas,Fort Lauderdale International Airport,FLL,KFLL,United States of America,2,1,0,0,-,-,Final
19750102-0,Thursday,02-JAN-1975,13:58,A1, Takeoff (TOF),"Tucson-Davis Monthan AFB, AZ (DMA)",United States of America,3,0, Damaged beyond repair,-,Douglas C-54P (DC-4),-,-,1944,-,-, N37AP, 10430,Transvall Corp.,Ferry/positioning,-,Tucson-Davis Monthan AFB,DMA,KDMA,United States of America,Daggett-Barstow-Daggett Airport,DAG,KDAG,United States of America,3,0,0,0,-,-,Final
19750102-1,Thursday,02-JAN-1975,-,A1, Takeoff (TOF),"New Orleans NAS/Alvin Callendar, LA (NBG)",United States of America,6,2, Damaged beyond repair,-,Lockheed C-130B Hercules,4,Allison T56-A-7,1959,-,-, 58-0721, 3516,USAF,Military,-,New Orleans NAS/Alvin Callendar,NBG,KNBG,United States of America,-,-,-,-,6,0,2,0,-,-,-
19750103-0,Friday,03-JAN-1975,-,H2, Standing (STD),"Pensacola Regional Airport, FL (PNS)",United States of America,3,0, Unknown,-,Boeing 727,-,-,-,-,-, registration unknown,-,National Airlines,Unknown,-,-,-,-,-,-,-,-,-,-,-,0,0,-,-,-
19750103-1,Friday,03-JAN-1975,-,C1, En route (ENR),9 km (5.6 mls) SW of Nha Trang,Vietnam,9,9, Damaged beyond repair,-,Fairchild C-123K Provider,-,-,-,-,-, ST-1, 20074,Air America,Military,-,-,-,-,-,Nha Trang Airport,NHA,VVNT,Vietnam,3,6,3,6,-,-,-
19750105-0,Sunday,05-JAN-1975,-,A1, En route (ENR),"near La Angostura, TU",Argentina,13,13, Damaged beyond repair,-,de Havilland Canada DHC-6 Twin Otter 200,2,Pratt & Whitney Canada PT6A-20,1968,-,-, AE-259, 140,Argentine Army,Military,-,-,-,-,-,-,-,-,-,3,10,3,10,-,-,-
19750107-0,Tuesday,07-JAN-1975,-,A1, Approach (APR),40 km (25 mls) SE of San Borja,Bolivia,7,0, Damaged beyond repair,-,Convair CV-440-59,-,-,1958,-,-, CP-961, 467,Frigorificos Movima,Domestic Non Scheduled Passenger,-,San Borja-Capitan G.Q. Guardia Airport,SRJ,SLSB,Bolivia,La Paz-El Alto Airport,LPB,SLLP,Bolivia,3,4,0,0,-,-,-
19750107-1,Tuesday,07-JAN-1975,-,H2, Landing (LDG),London-Stansted (STN),United Kingdom,51,0, Unknown,-,BAC One-Eleven,-,-,-,-,-, registration unknown,-,British Airways,Domestic Scheduled Passenger,-,Manchester International Airport,MAN,EGCC,United Kingdom,London-Heathrow Airport,LHR,EGLL,United Kingdom,5,46,0,0,-,-,-
19750108-0,Wednesday,08-JAN-1975,-,A1, En route (ENR),near El Doncello,Colombia,23,23, Damaged beyond repair,-,Douglas C-47 (DC-3),-,-,-,-,-, FAC-688,-,SATENA,Domestic Scheduled Passenger,-,Neiva Airport,NVA,SKNV,Colombia,Florencia Airport,FLA,SKFL,Colombia,4,19,4,19,-,-,-
19750109-0,Thursday,09-JAN-1975,18:36,A1, Approach (APR),"6,5 km (4.1 mls) W off  Newport News, VA",United States of America,7,7, Damaged beyond repair,-,Convair T-29D (CV-240),2,Pratt & Whitney R-2800-99W,1954,-,14473.0, 52-5826, 52-25,USAF,Military, M32,Meridian-Key Field,MEI,KMEI,United States of America,Hampton-Langley AFB,LFI,KLFI,United States of America,5,2,5,2,2,-,Final
19750109-1,Thursday,09-JAN-1975,16:07,A1, Approach (APR),"Whittier, CA",United States of America,12,12, Damaged beyond repair,-,de Havilland Canada DHC-6 Twin Otter 100,2,Pratt & Whitney Canada PT6A-20,1967,-,10092.0, N6383,  83,Golden West Airlines,Domestic Scheduled Passenger, 261,Ontario International Airport,ONT,KONT,United States of America,Los Angeles International Airport,LAX,KLAX,United States of America,2,10,2,10,2,-,Final
19750109-2,Thursday,09-JAN-1975,-,A1, Landing (LDG),Boende Airport (BNB),Democratic Republic of the Congo,19,0, Damaged beyond repair,-,Fokker F-27 Friendship 600,-,-,1969,6807.0,9527.0, 9Q-CLM, 10393,Air Zaire,Scheduled Passenger,-,-,-,-,-,Boende Airport,BNB,FZGN,Democratic Republic of the Congo,4,15,0,0,-,1,-
19750109-3,Thursday,09-JAN-1975,-,U1, Unknown (UNK),Akrotiri RAF Station (AKT),Cyprus,-,-, Damaged beyond repair,-,Douglas VC-47A (DC-3),-,-,1944,-,-, 43-15527, 19993,USAF,Military,-,-,-,-,-,-,-,-,-,-,-,-,-,-,-,-
19750113-0,Monday,13-JAN-1975,-,H2, Unknown (UNK),"Washington, DC",United States of America,60,0, Unknown,-,Boeing 727,-,-,-,-,-, registration unknown,-,Eastern Air Lines,Domestic Scheduled Passenger,EA140,Atlanta Municipal Airport,ATL,KATL,United States of America,Philadelphia International Airport,PHL,KPHL,United States of America,-,-,0,0,-,-,-
19750115-1,Wednesday,15-JAN-1975,17:21,A1, Approach (APR),"1,3 km (0.8 mls) SE of Budapest-Ferihegy Airport (BUD)",Hungary,9,9, Damaged beyond repair,-,Ilyushin Il-18V,4,Ivchenko AI-20K,1964,-,-, HA-MOH, 184007104,Malev,Ferry/positioning, 801,Berlin-Schönefeld Airport,SXF,EDDB,Germany,Budapest-Ferihegy Airport,BUD,LHBP,Hungary,9,0,9,0,-,-,-
19750116-0,Thursday,16-JAN-1975,-,A1, En route (ENR),near Sam Neua Airport (NEU),Laos,12,12, Damaged beyond repair,-,Antonov An-2P,-,-,1973,-,-, CCCP-70417, 1G141-71,Aeroflot / Ukraine,Domestic Non Scheduled Passenger,-,Vientiane-Wattay Airport,VTE,VLVT,Laos,Sam Neua Airport,NEU,VLSN,Laos,4,8,4,8,-,-,-
19750116-1,Thursday,16-JAN-1975,-,A1, Unknown (UNK),Dolo,Ethiopia,-,-, Damaged beyond repair,-,Dornier Do 28D-1 Skyservant,-,-,-,-,-, ET-AEN, 4012,Ethiopian Ministry of Public Health,Unknown,-,-,-,-,-,-,-,-,-,-,-,-,-,-,-,-
19750117-0,Friday,17-JAN-1975,02:29,A1, Approach (APR),"2,4 km (1.5 mls) from  Addison Airport, TX (ADS)",United States of America,2,0, Damaged beyond repair,-,Carstedt Jet Liner 600F,2,Garrett TPE331,1955,-,-, N1200H, 04448,Falcon Airways,Cargo,-,Memphis International Airport,MEM,KMEM,United States of America,Dallas-Addison Airport,ADS,KADS,United States of America,2,0,0,0,-,-,Final
19750119-0,Sunday,19-JAN-1975,-,O1, Standing (STD),Phnom Penh-Pochentong Airport (PNH),Cambodia,0,0, Damaged beyond repair,-,Douglas C-47B-10-DK (DC-3),2,Pratt & Whitney R-1830-90C,1944,-,-, XU-HAK, 26237/14792,Khmer Hansa Airlines,-,-,-,-,-,-,-,-,-,-,0,0,0,0,-,-,-
19750119-1,Sunday,19-JAN-1975,-,O1, Standing (STD),Phnom Penh-Pochentong Airport (PNH),Cambodia,0,0, Damaged beyond repair,-,Douglas DC-3A-343B,2,Pratt & Whitney R-1830,1941,-,-, XU-KAL, 4811,Khmer Hansa Airlines,-,-,-,-,-,-,-,-,-,-,0,0,0,0,-,-,-
19750119-2,Sunday,19-JAN-1975,-,O1, Standing (STD),Phnom Penh-Pochentong Airport (PNH),Cambodia,0,0, Damaged beyond repair,-,Douglas DC-3C,2,Pratt & Whitney R-1830-92,1944,-,-, N86AC, 19950,South East Asia Air Transport,-,-,-,-,-,-,-,-,-,-,0,0,0,0,-,-,-
19750122-0,Wednesday,22-JAN-1975,-,H2, Unknown (UNK),at an unknown location,Unknown country,-,0, Unknown,-,Boeing 737-200,-,-,-,-,-, registration unknown,-,VASP,Unknown,-,Goiânia-Santa Genoveva Airport,GYN,SBGO,Brazil,Brasília International Airport,BSB,SBBR,Brazil,-,-,0,0,-,-,-
19750125-0,Saturday,25-JAN-1975,-,A1, Landing (LDG),Faroe Islands-Vagar Airport (FAE),Denmark,26,0, Damaged beyond repair,-,Fokker F-27 Friendship 600,-,-,1970,5834.0,9122.0, OY-APD, 10437,Maersk Air,Scheduled Passenger,-,-,-,-,-,Faroe Islands-Vagar Airport,FAE,EKVG,Denmark,4,22,0,0,-,-,-
19750128-0,Tuesday,28-JAN-1975,-,A1, Takeoff (TOF),Zaporozhye Airport (OZH),Ukraine,17,0, Damaged beyond repair,-,Yakovlev Yak-40,3,Ivchenko AI-25,1972,-,-, CCCP-87825, 9241724,Aeroflot / Ukraine,Domestic Scheduled Passenger,-,Zaporozhye Airport,OZH,UKDE,Ukraine,Ternopol Airport,TNL,UKLT,Ukraine,3,14,0,0,-,-,-
19750130-0,Thursday,30-JAN-1975,18:50,A1, Approach (APR),30 km (18.8 mls) W off  Istanbul-Yesilköy Airport (IST),Turkey,42,42, Damaged beyond repair,-,Fokker F-28 Fellowship 1000,-,-,1972,5062.0,3713.0, TC-JAP, 11058,THY,Domestic Scheduled Passenger,TK345,-,-,-,-,Istanbul-Yesilköy Airport,IST,LTBA,Turkey,4,38,4,38,-,-,-
19750130-1,Thursday,30-JAN-1975,-,A1, Takeoff (TOF),Santo Domingo-Las Americas Airport (SDQ),Dominican Republic,30,1, Destroyed, Written off (damaged beyond repair),Douglas DC-3-313,-,-,1940,-,-, HI-222, 2189,LANSA,International Scheduled Passenger,-,Santo Domingo-Las Américas International Airport,SDQ,MDSD,Dominican Republic,Port-au-Prince-Mais Gate Airport,PAP,MTPP,Haiti,3,27,1,0,-,-,-
19750201-0,Saturday,01-FEB-1975,08:58,A1, Approach (APR),"Houston-Intercontinental Airport, TX (IAH)",United States of America,16,5, Damaged beyond repair,-,Douglas DC-3D,-,-,1944,-,-, N15HC, 43080,Horizon Properties,Domestic Non Scheduled Passenger,-,Lawton Municipal Airport,LAW,KLAW,United States of America,Huntsville Airport,HTV,KUTS,United States of America,2,14,2,3,-,-,Final
19750201-1,Saturday,01-FEB-1975,-,A1, Landing (LDG),Taipei-Songshan Airport (TSA),Taiwan,5,0, Damaged beyond repair,-,Vickers 806 Viscount,4,Rolls-Royce Dart 520,1958,-,-, PK-RVM, 413,Mandala Airlines,Unknown,-,-,-,-,-,Taipei-Songshan Airport,TSA,RCSS,Taiwan,5,0,0,0,-,-,-
19750201-2,Saturday,01-FEB-1975,-,U1, Unknown (UNK),Quito-Mariscal Sucre Airport (UIO),Ecuador,-,-, Damaged beyond repair,-,Douglas C-47A-90-DL (DC-3),2,Pratt & Whitney R-1830-92,1944,-,-, HC-AUR, 20143,TAME Ecuador,Unknown,-,-,-,-,-,-,-,-,-,-,-,-,-,-,-,-
19750201-3,Saturday,01-FEB-1975,10:32,A1, En route (ENR),"Egg Harbor, NJ",United States of America,2,2, Destroyed, Written off (damaged beyond repair),Howard Super Ventura,-,-,-,-,-, N234YU, 5283,Ebco Manufacturing Co.,Executive,-,Harrisburg International Airport,MDT,KMDT,United States of America,Atlantic City International Airport,ACY,KACY,United States of America,2,0,2,0,-,-,Final
19750202-0,Sunday,02-FEB-1975,-,A1, Unknown (UNK),near Agadès Airport (AJY),Niger,-,-, Damaged beyond repair,-,IRMA/Britten-Norman BN-2A-9 Islander,-,-,1972,-,-, 5U-AAN, 674,Transniger,Unknown,-,-,-,-,-,-,-,-,-,-,-,-,-,-,-,-
19750203-0,Monday,03-FEB-1975,23:10,A1, Initial climb (ICL),"4,8 km (3 mls) SSW of Manila International Airport (MNL)",Philippines,33,33, Damaged beyond repair,-,Hawker Siddeley HS-748-226 Srs. 2,-,-,1966,-,-, RP-C1028, 1590,Philippine Air Lines,Domestic Scheduled Passenger,-,Manila International Airport,MNL,RPLL,Philippines,Iligan-Maria Cristina Airport,IGN,RPWX,Philippines,4,29,4,29,-,-,-
19750203-1,Monday,03-FEB-1975,-,O2, En route (ENR),100 km (62.5 mls) W of Rangoon,Myanmar,77,0, Minor, Repaired,Boeing 747,-,-,-,-,-, registration unknown,-,Pan Am,International Scheduled Passenger,-,Bangkok-Don Muang International Airport,BKK,VTBD,Thailand,Delhi-Indira Gandhi International Airport,DEL,VIDP,India,12,65,0,0,-,-,-
19750204-0,Tuesday,04-FEB-1975,-,U1, Unknown (UNK),at an unknown location,India,-,-, Damaged beyond repair,-,Douglas C-47 (DC-3),-,-,-,-,-, IJ818,-,Indian AF,Military,-,-,-,-,-,-,-,-,-,-,-,-,-,-,-,-
19750206-0,Thursday,06-FEB-1975,21:30,A1, En route (ENR),"near Wikieup, AZ",United States of America,3,3, Damaged beyond repair,-,Consolidated PBY-5A Catalina,-,-,-,-,-, N5588W, 920,Unknown,Executive,-,Las Vegas-McCarran International Airport,LAS,KLAS,United States of America,El Paso International Airport,ELP,KELP,United States of America,3,0,3,0,-,-,Final
19750209-0,Sunday,09-FEB-1975,17:55,A1, Takeoff (TOF),"South Lake Tahoe Airport, CA (TVL)",United States of America,44,0, Damaged beyond repair,-,BAC One-Eleven 401AK,-,-,1966,-,-, N711ST, 058,Jet Travel,Domestic Non Scheduled Passenger,-,Lake Tahoe Airport,TVL,KTVL,United States of America,-,-,-,-,6,38,0,0,-,-,Final
19750209-1,Sunday,09-FEB-1975,-,A1, En route (ENR),"24 km (15 mls) from  Chania-Soúda Airport (CHQ), Crete",Greece,42,42, Damaged beyond repair,-,Transall C-160D,-,-,1970,-,-, 50+63, D-85,German AF,Military,-,-,-,-,-,Chania-Soúda Airport,CHQ,LGSA,Greece,5,37,5,37,-,-,-
19750212-0,Wednesday,12-FEB-1975,-,A1, Landing (LDG),Krasnoyarsk Airport (KJA),Russia,-,0, Damaged beyond repair,-,Ilyushin Il-18V,4,Ivchenko AI-20K,1962,7976.0,27440.0, CCCP-75801, 182004301,Aeroflot / Moscow,Unknown,-,-,-,-,-,-,-,-,-,-,-,0,0,-,-,-
19750216-0,Sunday,16-FEB-1975,19:02,A1, Initial climb (ICL),"2 km (1.3 mls) N of Fairbanks International Airport, AK (FAI)",United States of America,3,3, Damaged beyond repair,-,Douglas DC-6BF,-,-,1952,-,-, N77DG, 43520/222,Pacific Alaska,Cargo,-,Fairbanks International Airport,FAI,PAFA,United States of America,-,-,-,-,3,0,3,0,-,-,Final
19750217-1,Monday,17-FEB-1975,-,O1, Standing (STD),Tikal-El Peten Airport (TKM),Guatemala,-,0, Damaged beyond repair,-,Douglas C-47A-25-DK (DC-3),2,Pratt & Whitney R-1830-92,1944,-,-, TG-AMA, 13484,Aviateca,Unknown,-,-,-,-,-,-,-,-,-,-,-,0,0,-,-,-
19750218-0,Tuesday,18-FEB-1975,09:43,A2, Landing (LDG),Bangalore-Hindustan Airport (BLR),India,81,0, Substantial, Repaired,Boeing 737-2A8,-,-,1971,-,-, VT-EAK, 20484/275,Indian Airlines,Domestic Scheduled Passenger,IC524,Bombay-Santacruz Airport,BOM,VABB,India,Bangalore-Hindustan Airport,BLR,VOBG,India,5,76,0,0,-,-,Final
19750219-0,Wednesday,19-FEB-1975,-,A1, Landing (LDG),Saarbrücken Airport (SCN),Germany,16,0, Damaged beyond repair,-,Yakovlev Yak-40FG,3,Ivchenko AI-25,1972,-,-, D-BOBD, 9230323,General Air,Scheduled Passenger,-,-,-,-,-,Saarbrücken-Ensheim Airport,SCN,EDDR,Germany,2,14,0,0,-,-,-
19750221-0,Friday,21-FEB-1975,-,A1, Landing (LDG),Rushinga Forward Airfield,Zimbabwe,3,0, Substantial, Written off (damaged beyond repair),Douglas C-47B-30-DK (DC-3),2,Pratt & Whitney R-1830-90C,1945,-,5818.0, R3707, 32946/16198,Rhodesian AF,Military,-,-,-,-,-,-,-,-,-,3,0,0,0,-,-,-
19750222-0,Saturday,22-FEB-1975,22:12,A1, Initial climb (ICL),ca 11 km NE of Medellín-Enrique Olaya Herrera Airport (EOH),Colombia,5,5, Damaged beyond repair,-,Canadair CC-106 Yukon (CL-44),4,Rolls-Royce Tyne 515,1959,-,-, HK-1972,  1,Aerocondor de Colombia,Cargo, 152,Medellín-Enrique Olaya Herrera Airport,EOH,SKMD,Colombia,Barranquilla-Soledad Airport,BAQ,SKBQ,Colombia,5,0,5,0,-,-,-
19750222-1,Saturday,22-FEB-1975,-,O1, Standing (STD),Phnom Penh-Pochentong Airport (PNH),Cambodia,0,0, Damaged beyond repair,-,Douglas C-47A-25-DK (DC-3),2,Pratt & Whitney R-1830-92,1944,-,-, XU-GAJ, 13384,Khmer Hansa Airlines,-,-,-,-,-,-,-,-,-,-,0,0,0,0,-,-,-
19750222-2,Saturday,22-FEB-1975,-,H2, Unknown (UNK),at an unknown location,Brazil,80,0, Unknown,-,Boeing 737-2A1,2,Pratt & Whitney JT8D-17,1974,-,-, PP-SMU, 20967/364,VASP,Domestic Scheduled Passenger,-,Goiânia-Santa Genoveva Airport,GYN,SBGO,Brazil,Brasília International Airport,BSB,SBBR,Brazil,-,-,0,0,-,-,-
19750223-0,Sunday,23-FEB-1975,19:53,A1, Approach (APR),"6,5 km (4.1 mls) from  Pontiac, MI",United States of America,2,1, Damaged beyond repair,-,Rockwell Sabreliner 75A,2,General Electric CF700,-,-,-, N5107, 380-8,General Motors,Executive,-,-,-,-,-,Pontiac Airport,PTK,KPTK,United States of America,2,0,1,0,-,-,Final
19750223-1,Sunday,23-FEB-1975,-,H2, Unknown (UNK),at an unknown location,Saudi Arabia,-,0, Unknown,-,Douglas DC-3,-,-,-,-,-, registration unknown,-,Yemen Airlines,Unknown,-,Hodeidah Airport,HOD,ODHD,Yemen,San'a International Airport,SAH,ODSN,Yemen,-,-,0,0,-,-,-
19750223-2,Sunday,23-FEB-1975,19:35,A2,  (),"Provincetown Airport, MA (PVC)",United States of America,2,0, Substantial, Repaired,Britten-Norman BN-2A-20 Islander,-,-,1974,-,-, N90PB, 398,PBA,-,-,Boston-Logan International Airport,BOS,KBOS,United States of America,Provincetown Airport,PVC,KPVC,United States of America,1,1,0,0,-,-,Final
19750225-0,Tuesday,25-FEB-1975,-,H2, En route (ENR),Manila Airport (MNL),Philippines,30,0, None,-,Douglas DC-3A,-,-,-,-,-, RP-C941, 4107,Philippine Air Lines,Domestic Scheduled Passenger,-,Pagadian Airport,PAG,RPMP,Philippines,Zamboanga Airport,ZAM,RPMZ,Philippines,3,27,0,0,-,-,-
19750227-1,Thursday,27-FEB-1975,06:33,A1, Initial climb (ICL),"1,5 km (0.9 mls) NW of São Paulo-Congonhas Airport, SP (CGH)",Brazil,15,15, Damaged beyond repair,-,Embraer EMB-110C Bandeirante,-,-,1974,-,-, PP-SBE, 110021,VASP,Domestic Scheduled Passenger, 640,São Paulo-Congonhas Airport,CGH,SBSP,Brazil,Bauru Airport,BAU,SBBU,Brazil,2,13,2,13,-,-,-
19750228-0,Friday,28-FEB-1975,-,U1, Unknown (UNK),Madrid (unknown airport),Spain,-,-, Damaged beyond repair,-,Douglas C-47B-40-DK (DC-3),2,Pratt & Whitney R-1830-90C,1945,-,-, N87805, 33558/16810,private,Unknown,-,-,-,-,-,-,-,-,-,-,-,-,-,-,-,-
19750299-0,-,XX-FEB-1975,-,A1, Unknown (UNK),Knezevac,Serbia,-,-, Damaged beyond repair,-,Antonov An-2R,-,-,-,-,-, YU-BHW, 1G135-46,Privredna Avijacija Osijek,Unknown,-,-,-,-,-,-,-,-,-,-,-,-,-,-,-,-
19750301-0,Saturday,01-MAR-1975,-,H2, Unknown (UNK),Tehran-Mehrabad Airport (THR),Iran,92,1, Unknown,-,Boeing 737-200,-,-,-,-,-, registration unknown,-,Iraqi Airways,Domestic Scheduled Passenger,-,-,-,-,-,Baghdad International Airport,BGW,ORBI,Iraq,7,85,0,1,-,-,-
19750302-1,Sunday,02-MAR-1975,-,H2, Unknown (UNK),"Hyannis Airport, MA (HYA)",United States of America,2,0, Unknown,-,de Havilland Canada DHC-6 Twin Otter,-,-,-,-,-, registration unknown,-,Air New England,Domestic Scheduled Passenger, 911,Hyannis-Barnstable Airport,HYA,KHYA,United States of America,Nantucket Memorial Airport,ACK,KACK,United States of America,-,-,0,0,-,-,-
19750304-0,Tuesday,04-MAR-1975,06:46,A1, Takeoff (TOF),"Dallas-Hensley Field NAS, TX",United States of America,5,0, Damaged beyond repair,-,Dassault Falcon 20C,-,-,1966,-,-, N990L, 43,LTV Aerospace,Executive,-,-,-,-,-,-,-,-,-,2,3,0,0,-,-,Final
19750304-1,Tuesday,04-MAR-1975,-,A1, Takeoff (TOF),"Peixe, GO",Brazil,-,1, Damaged beyond repair,-,Douglas C-47A-DL (DC-3),2,Pratt & Whitney R-1830-92,1943,-,-, 2047, 13841,Brazilian AF,Military,-,-,-,-,-,Carolina Airport,CLN,SBCI,Brazil,4,-,0,1,-,-,-
19750305-0,Wednesday,05-MAR-1975,-,O1, Standing (STD),Barranquilla-E Cortissoz Airport (BAQ),Colombia,0,0, Damaged beyond repair,-,Fairchild F-27,-,-,1958,-,-, HK-1492,   5,TAC Colombia,-,-,-,-,-,-,-,-,-,-,0,0,0,0,-,-,-
19750307-0,Friday,07-MAR-1975,08:10,A2, Takeoff (TOF),Rajkot-Civil Airport (RAJ),India,51,0, Substantial, Repaired,Hindustan Aeronautics Ltd. HAL-748-224 Srs. 2,-,-,-,-,-, VT-DXO, 522,Indian Airlines,Domestic Scheduled Passenger,-,Rajkot-Civil Airport,RAJ,VARK,India,-,-,-,-,4,47,0,0,-,-,-
19750310-0,Monday,10-MAR-1975,-,C1, Standing (STD),Phnom Penh Airport (PNH),Cambodia,0,0, Damaged beyond repair,-,Douglas C-47A-25-DK (DC-3),-,-,1944,-,-, XU-DAG, 13366,Khmer Hansa Airlines,-,-,-,-,-,-,-,-,-,-,0,0,0,0,-,-,-
19750312-0,Wednesday,12-MAR-1975,-,A1, En route (ENR),25 km (15.6 mls) SW of Pleiku City,Vietnam,26,26, Damaged beyond repair,-,Douglas C-54D-5-DC (DC-4),-,-,1945,-,-, XV-NUJ, 10701,Air Vietnam,International Scheduled Passenger,-,Vientiane-Wattay Airport,VTE,VLVT,Laos,Saigon-Tan Son Nhat International Airport,SGN,VVTS,Vietnam,6,20,6,20,-,-,-
19750313-0,Thursday,13-MAR-1975,09:27,A1, En route (ENR),near Acará,Brazil,3,3, Damaged beyond repair,-,Cessna 500 Citation I,-,-,-,-,-, PT-JXS, 500-0162,private,Executive,-,-,-,-,-,Uberlândia Airport,UDI,SBUL,Brazil,2,1,2,1,-,-,-
19750313-1,Thursday,13-MAR-1975,-,A1, Unknown (UNK),at an unknown location,Laos,2,0, Damaged beyond repair,-,Boeing S.307B-1 Stratoliner,-,-,1940,-,-, XW-TFP, 1998,Royal Air Lao,Cargo,-,Hong Kong-Kai Tak International Airport,HKG,VHHH,Hong Kong,Vientiane-Wattay Airport,VTE,VLVT,Laos,2,0,0,0,-,-,-
19750313-2,Thursday,13-MAR-1975,14:40,A1, Landing (LDG),"Tullahoma, TN",United States of America,7,0, Damaged beyond repair,-,Rockwell 1121 Jet Commander,-,-,-,-,-, N711JT, 91,Unknown,Executive,-,-,-,-,-,Tullahoma-Northern Airport,THA,KTHA,United States of America,2,5,0,0,-,-,Final
19750314-0,Friday,14-MAR-1975,-,A1, Landing (LDG),Lalibela Airport (LLI),Ethiopia,-,1, Damaged beyond repair,-,Douglas C-47-DL (DC-3),2,Pratt & Whitney R-1830-92,1942,-,33626.0, ET-ABR, 4297,Ethiopian Airlines,Unknown,-,-,-,-,-,Lalibela Airport,LLI,HALL,Ethiopia,-,-,-,-,-,-,-
19750316-0,Sunday,16-MAR-1975,-,A1, Unknown (UNK),within Bulgaria,Bulgaria,-,1, Damaged beyond repair,-,Antonov An-2,-,-,-,-,-, LZ-...,-,Unknown,Unknown,-,-,-,-,-,-,-,-,-,-,-,1,0,-,-,-
19750316-1,Sunday,16-MAR-1975,13:40,A1, Approach (APR),"35 km (21.9 mls) E of San Carlos de Bariloche International Airport, RN (BRC)",Argentina,52,52, Damaged beyond repair,-,Fokker F-27 Friendship 400M,-,-,1969,5236.0,4953.0, TC-72, 10404,LADE,Domestic Scheduled Passenger,-,El Palomar Airport,EPA,SADP,Argentina,San Carlos de Bariloche International Airport,BRC,SAZS,Argentina,5,47,5,47,-,-,-
19750318-0,Tuesday,18-MAR-1975,-,A1, Unknown (UNK),"Dinder National Park, Singa",Sudan,6,5, Damaged beyond repair,-,de Havilland Canada DHC-6 Twin Otter 100,2,Pratt & Whitney Canada PT6A-20,1968,-,-, ST-ADB,  85,Sudan Airways,Passenger,-,-,-,-,-,-,-,-,-,2,4,2,3,-,-,-
19750321-0,Friday,21-MAR-1975,23:15,A1, En route (ENR),"60 km (37.5 mls) W of Seattle, WA",United States of America,16,16, Damaged beyond repair,-,Lockheed C-141A-20-LM Starlifter,4,Pratt & Whitney TF33-P-7,-,-,16793.0, 64-0641, 300-6054,USAF,Military,-,Tokyo-Yokota AFB,OKO,RJTY,Japan,Tacoma-McChord AFB,TCM,KTCM,United States of America,10,6,10,6,-,-,-
19750326-0,Wednesday,26-MAR-1975,-,A1, Landing (LDG),Cerdas,Bolivia,3,0, Damaged beyond repair,-,Convair CV-440-86,-,-,1957,-,-, CP-1078, 415,Servicio Aéreo San Francisco,Unknown,-,-,-,-,-,-,-,-,-,3,0,0,0,-,-,-
19750326-1,Wednesday,26-MAR-1975,-,A1, En route (ENR),Kompong Som Airport (KOS),Cambodia,-,-, Damaged beyond repair,-,Douglas C-47A-90-DL (DC-3),2,Pratt & Whitney R-1830-92,1944,-,-, B-1553, 20434,China Airlines,Unknown,-,-,-,-,-,-,-,-,-,-,-,-,-,-,-,-
19750327-0,Thursday,27-MAR-1975,14:35,A1, Takeoff (TOF),"Dubois-Jefferson County Airport, PA (DUJ)",United States of America,11,0, Damaged beyond repair,-,Douglas C-48A (DC-3C ),2,Pratt & Whitney R-1830-94,1941,-,13901.0, N6, 4146,FAA,Executive,-,Dubois-Jefferson County Airport,DUJ,KDUJ,United States of America,Harrisburg International Airport,MDT,KMDT,United States of America,3,8,0,0,-,-,Final
19750327-1,Thursday,27-MAR-1975,18:46,A1, Landing (LDG),"Prudhoe Bay/Deadhorse Airport, AK (SCC)",United States of America,2,0, Damaged beyond repair,-,Curtiss C-46A-45-CU Commando,2,Pratt & Whitney R-2800-51,1944,-,-, N4860V, 30240,Fairbanks Air Service,Cargo,-,Anchorage International Airport,ANC,PANC,United States of America,Prudhoe Bay/Deadhorse Airport,SCC,PASC,United States of America,2,0,0,0,-,-,Final
19750327-2,Thursday,27-MAR-1975,-,A1, Unknown (UNK),Kalengwa,Zambia,-,-, Damaged beyond repair,-,Britten-Norman BN-2A-3 Islander,-,-,1971,-,-, 9J-ACF, 261,Zambian Flying Doctor Service,Unknown,-,-,-,-,-,-,-,-,-,-,-,-,-,-,-,-
19750329-0,Saturday,29-MAR-1975,-,A1, Landing (LDG),Baguio-Loakan Airport (BAG),Philippines,5,0, Damaged beyond repair,-,Fairchild F-27,-,-,1958,-,-, RP-C874, 17,Air Manila Int.,Ferry/positioning,-,-,-,-,-,Baguio-Loakan Airport,BAG,RPUB,Philippines,5,0,0,0,-,-,-
19750331-0,Monday,31-MAR-1975,07:43,A1, Landing (LDG),"Casper Airport, WY (CPR)",United States of America,99,0, Damaged beyond repair,-,Boeing 737-247,2,Pratt & Whitney JT8D-9A,1969,-,14076.0, N4527W, 20131/165,Western Air Lines,Domestic Scheduled Passenger, 470,Denver-Stapleton International Airport,DEN,KDEN,United States of America,Casper Airport,CPR,KCPR,United States of America,6,93,0,0,-,-,Final
19750331-1,Monday,31-MAR-1975,18:00,A1, Initial climb (ICL),Veracruz-Las Bajadas Airport (VER),Mexico,2,2, Damaged beyond repair,-,Lockheed 18-56-23 Lodestar,-,-,1943,-,-, N35L, 18-2434,Hartzog Aviation,Illegal Flight,-,Veracruz-Las Bajadas Airport,VER,MMVR,Mexico,-,-,-,-,2,0,2,0,-,-,-
19750399-0,-,xx-MAR-1975,-,A1, Takeoff (TOF),Phnom Penh-Pochentong Airport (PNH),Cambodia,4,4, Damaged beyond repair,-,Vickers 806 Viscount,-,-,1958,-,-, XW-TDN, 396,Royal Air Lao,Unknown,-,Phnom Penh-Pochentong Airport,PNH,VDPP,Cambodia,-,-,-,-,-,-,-,-,-,-,-
19750401-0,Tuesday,01-APR-1975,-,A1, Unknown (UNK),"Culiacán, Sinaloa",Mexico,2,2, Damaged beyond repair,-,Howard 350,-,-,1943,-,-, N730EG, 5274,Dallas Chapter,Illegal Flight,-,-,-,-,-,-,-,-,-,2,0,2,0,-,-,-
19750404-0,Friday,04-APR-1975,16:30,A1, En route (ENR),4 km (2.5 mls) NE of Saigon-Tan Son Nhat International Airport (SGN),Vietnam,314,138, Destroyed, Written off (damaged beyond repair),Lockheed C-5A Galaxy,4,General Electric TF39,-,-,-, 68-0218, 500-0021,USAF,Military,-,Saigon-Tan Son Nhat International Airport,SGN,VVTS,Vietnam,Angeles City-Clark Air Base,CRK,RPMK,Philippines,29,285,11,127,-,-,-
19750406-0,Sunday,06-APR-1975,-,A1, Unknown (UNK),Bien Hoa,Vietnam,-,0, Damaged beyond repair,-,Lockheed C-130A Hercules,-,-,1957,-,-, 55-0002, 3029,Vietnam Air Force - VNAF,Military,-,-,-,-,-,-,-,-,-,-,-,0,0,-,-,-
19750409-0,Wednesday,09-APR-1975,08:50,A1, Takeoff (TOF),Bergamo-Orio Al Serio Airport (BGY),Italy,31,0, Damaged beyond repair,-,Fokker F-28 Fellowship 1000,-,-,1969,14456.0,12139.0, I-TIDA, 11014,Itavia,Domestic Scheduled Passenger,-,Bergamo-Orio Al Serio Airport,BGY,LIME,Italy,Bologna Airport,BLQ,LIPE,Italy,4,27,0,0,-,-,-
19750409-1,Wednesday,09-APR-1975,-,H2, Unknown (UNK),Tokyo,Japan,215,0, Unknown,-,Boeing 747SR-46,-,-,-,-,-, registration unknown,-,JAL,Domestic Scheduled Passenger,JL514,Sapporo-Chitose Airport,CTS,RJCC,Japan,Tokyo-Haneda Airport,HND,RJTT,Japan,15,200,0,0,-,-,-
19750410-0,Thursday,10-APR-1975,-,O1, Standing (STD),Phnom Penh-Pochentong Airport (PNH),Cambodia,0,0, Damaged beyond repair,-,Douglas C-54A-5-DO (DC-4),-,-,1944,-,-, XW-PKH, 7466,Royal Air Lao,Unknown,-,-,-,-,-,-,-,-,-,0,0,0,0,-,-,-
19750411-0,Friday,11-APR-1975,-,C1, Initial climb (ICL),near Phnom Penh-Pochentong Airport (PNH),Cambodia,4,3, Damaged beyond repair,-,Douglas DC-3,-,-,-,-,-, XW-PKT ?,-,Sorya Airlines,Unknown,-,Phnom Penh-Pochentong Airport,PNH,VDPP,Cambodia,Kâmpóng Chhnang Airport,KZC,VDKH,Cambodia,4,0,3,0,-,-,-
19750414-0,Monday,14-APR-1975,22:05,A1, Approach (APR),"1 km (0.6 mls) SW of Southern Pines-Pinehurst Airport, NC (SOP)",United States of America,2,2, Damaged beyond repair,-,Swearingen SA226-AT Merlin IV,-,-,1972,-,-, N960M, AT-005,Magnavox Corporation,Executive,-,-,-,-,-,Southern Pines-Pinehurst Airport,SOP,KSOP,United States of America,2,0,2,0,-,-,Final
19750414-1,Monday,14-APR-1975,-,A1, Unknown (UNK),near Sofia,Bulgaria,-,-, Damaged beyond repair,-,Antonov An-24,-,-,1968,-,-, 035, 87304508,Bulgarian AF,Military,-,-,-,-,-,-,-,-,-,-,-,-,-,-,-,-
19750415-0,Tuesday,15-APR-1975,-,A1, Takeoff (TOF),Omsk Airport (OMS),Russia,-,-, Damaged beyond repair,-,Antonov An-2TP,-,-,-,2065.0,1846.0, CCCP-70177, 1G137-51,Aeroflot / Kazakstan,Unknown,-,Omsk Airport,OMS,UNOO,Russia,-,-,-,-,-,-,-,-,-,-,-
19750418-0,Friday,18-APR-1975,-,A1, Unknown (UNK),Minieta Szlacheckie,Poland,-,-, Damaged beyond repair,-,Antonov An-2R,-,-,-,-,-, SP-WNG, 1G156-44,ZUA,Unknown,-,-,-,-,-,-,-,-,-,-,-,-,-,-,-,-
19750418-1,Friday,18-APR-1975,-,A1, Initial climb (ICL),"Fort Simpson Airport, NT (YFS)",Canada,-,-, Damaged beyond repair,-,Britten-Norman BN-2A-7 Islander,-,-,1970,-,-, CF-ZWF, 233,Mackenzie Air,Unknown,-,Fort Simpson Airport,YFS,CYFS,Canada,-,-,-,-,-,-,-,-,-,-,-
19750419-0,Saturday,19-APR-1975,-,A1, Takeoff (TOF),Monrovia-Roberts International Airport (ROB),Liberia,25,0, Damaged beyond repair,-,Douglas C-47A-1-DK (DC-3),2,Pratt & Whitney R-1830-92,1943,-,-, EL-AAB, 12054,Air Liberia,Scheduled Passenger,-,Monrovia-Roberts International Airport,ROB,GLRB,Liberia,-,-,-,-,-,-,0,0,-,-,-
19750424-0,Thursday,24-APR-1975,-,A1, En route (ENR),Cerro Sayari,Bolivia,3,3, Damaged beyond repair,-,Curtiss C-46D-10-CU Commando,-,-,1944,-,-, CP-1063, 32959,SAVCO,Unknown,-,-,-,-,-,Cochabamba-J Wilsterman Airport,CBB,SLCB,Bolivia,-,-,-,-,-,-,-
19750424-1,Thursday,24-APR-1975,12:20,A1, Approach (APR),"Tin City Airport, AK (TNC)",United States of America,2,0, Damaged beyond repair,-,Britten-Norman BN-2A Islander,-,-,1969,-,-, N591JA, 57,Munz Northern Airlines,Domestic Scheduled Passenger,-,Nome Airport,OME,PAOM,United States of America,Tin City Airport,TNC,PATC,United States of America,1,1,0,0,-,-,Final
19750425-0,Friday,25-APR-1975,-,H2, Unknown (UNK),"Atlanta, GA",United States of America,67,0, Unknown,-,Boeing 727,-,-,-,-,-, registration unknown,-,United Airlines,Domestic Scheduled Passenger,UA344,Raleigh/Durham Airport,RDU,KRDU,United States of America,Newark International Airport,EWR,KEWR,United States of America,-,-,0,0,-,-,-
19750425-1,Friday,25-APR-1975,-,A1, Approach (APR),"2,1 km (1.3 mls) from  Poltava Airport (PLV)",Ukraine,11,0, Damaged beyond repair,-,Antonov An-24RV,2,Ivchenko AI-24VT,1972,-,-, CCCP-46476, 27308004,Aeroflot / Ukraine,Domestic Scheduled Passenger,-,-,-,-,-,Poltava Airport,PLV,UKHP,Ukraine,4,7,0,0,-,-,-
19750426-0,Saturday,26-APR-1975,21:55,A1, Initial climb (ICL),"0,6 km (0.4 mls) NNE of Hilton Head Airport, SC (HHH)",United States of America,9,6, Destroyed, Written off (damaged beyond repair),Beechcraft A100 King Air,2,Pratt & Whitney Canada PT6A-28,1971,-,1280.0, N700SP, B-92,Stribling-Puckett,Executive,-,Hilton Head Airport,HHH,KHXD,United States of America,Jackson Municipal Airport,JAN,KJAN,United States of America,1,8,1,5,-,-,Final
19750427-0,Sunday,27-APR-1975,-,A1, Unknown (UNK),Yallahanpur,India,-,-, Damaged beyond repair,-,Hindustan Aeronautics Ltd. HAL-748-247 Srs. 2,-,-,1974,-,-, H-1520, 558,Indian AF,Military,-,-,-,-,-,-,-,-,-,-,-,-,-,-,-,-
19750428-1,Monday,28-APR-1975,-,O1, Standing (STD),Saigon-Tan Son Nhut Airport (SGN),Vietnam,0,0, Damaged beyond repair,-,Lockheed C-130E Hercules,-,-,1973,-,-, 72-1297, 4519,USAF,Military,-,-,-,-,-,-,-,-,-,0,0,0,0,-,-,-
19750429-0,Tuesday,29-APR-1975,-,A1, Landing (LDG),U-Tapao Airport (UTP),Thailand,-,0, Damaged beyond repair,-,Douglas VC-47A (DC-3),-,-,1944,-,-, 084, 25345/13900,Air America,Military,-,Saigon-Tan Son Nhat International Airport,SGN,VVTS,Vietnam,U-Tapao Airport,UTP,VTBU,Thailand,-,-,0,0,-,-,-
19750430-0,Wednesday,30-APR-1975,20:15,A1, Landing (LDG),"Prudhoe Bay/Deadhorse Airport, AK (SCC)",United States of America,3,0, Damaged beyond repair,-,Lockheed L-188AF Electra,-,-,1959,-,-, N283F, 1089,Zantop,Cargo,-,Fairbanks International Airport,FAI,PAFA,United States of America,Prudhoe Bay/Deadhorse Airport,SCC,PASC,United States of America,3,0,0,0,-,-,Final
19750430-1,Wednesday,30-APR-1975,-,A1, Maneuvering (MNV),near Tambov,Russia,2,0, Damaged beyond repair,-,Antonov An-2SX,-,-,-,-,-, CCCP-06444,-,Aeroflot / Central Region,Agricultural,-,-,-,-,-,-,-,-,-,2,0,0,0,-,-,-
19750499-1,-,xx-APR-1975,-,U1, Unknown (UNK),at an unknown location,Vietnam,-,-, Damaged beyond repair,-,Lockheed C-130A Hercules,-,-,1957,-,-, 55-0045, 3072,USAF,Military,-,-,-,-,-,-,-,-,-,-,-,-,-,-,-,-
19750499-2,-,xx-APR-1975,-,U1, Unknown (UNK),at an unknown location,Vietnam,-,-, Damaged beyond repair,-,Lockheed C-130A Hercules,-,-,1957,-,-, 56-0542, 3150,Vietnam Air Force - VNAF,Military,-,-,-,-,-,-,-,-,-,-,-,-,-,-,-,-
19750499-3,-,xx-APR-1975,-,U1, Unknown (UNK),at an unknown location,Vietnam,-,-, Damaged beyond repair,-,Lockheed C-130A Hercules,-,-,1958,-,-, 57-0465, 3172,Vietnam Air Force - VNAF,Military,-,-,-,-,-,-,-,-,-,-,-,-,-,-,-,-
19750499-4,-,xx-APR-1975,-,U1, Unknown (UNK),Phnom Penh-Pochentong Airport (PNH),Cambodia,-,-, Damaged beyond repair,-,Douglas DC-3C,-,-,1944,-,-, N88750, 13114,Cambodian Air Service,Unknown,-,-,-,-,-,-,-,-,-,-,-,-,-,-,-,-
19750499-5,-,xx-APR-1975,-,U1, Unknown (UNK),at an unknown location,Vietnam,-,-, Damaged beyond repair,-,Lockheed C-130A Hercules,-,-,1957,-,-, 55-0006, 3033,Vietnam Air Force - VNAF,Military,-,-,-,-,-,-,-,-,-,-,-,-,-,-,-,-
19750499-6,-,xx-APR-1975,-,U1, Unknown (UNK),at an unknown location,Vietnam,-,-, Damaged beyond repair,-,Lockheed C-130A Hercules,-,-,1957,-,-, 56-0489, 3097,Vietnam Air Force - VNAF,Military,-,-,-,-,-,-,-,-,-,-,-,-,-,-,-,-
19750499-7,-,xx-APR-1975,-,U1, Unknown (UNK),at an unknown location,Vietnam,-,-, Damaged beyond repair,-,Lockheed C-130A Hercules,-,-,1957,-,-, 56-0505, 3113,Vietnam Air Force - VNAF,Military,-,-,-,-,-,-,-,-,-,-,-,-,-,-,-,-
19750503-0,Saturday,03-MAY-1975,-,A1, En route (ENR),near Sardinata,Colombia,7,4, Damaged beyond repair,-,Douglas C-47 (DC-3),-,-,-,-,-, FAC-663,-,SATENA,Domestic Scheduled Passenger,-,Ocaña-Aguas Claras Airport,OCV,SKOC,Colombia,Cúcuta-Camilo Daza Airport,CUC,SKCC,Colombia,4,3,4,0,-,-,-
19750510-1,Saturday,10-MAY-1975,02:18,A1, En route (ENR),"4,6 km (2.9 mls) SE off  Cape Paterson, VIC",Australia,2,2, Destroyed, Written off (damaged beyond repair),Bristol 170 Freighter 21E,-,-,-,-,9526.0, VH-SJQ, 12807,Air Express,Cargo,-,Melbourne-Essendon Airport,MEB,YMEN,Australia,Launceston Airport,LST,YMLT,Australia,2,0,2,0,-,-,Final
19750510-2,Saturday,10-MAY-1975,-,A1, Initial climb (ICL),Manila International Airport (MNL),Philippines,43,0, Damaged beyond repair,-,Hawker Siddeley HS-748-222 Srs. 2,-,-,1965,-,-, RP-C1029, 1586,Philippine Air Lines,Domestic Scheduled Passenger,-,Manila International Airport,MNL,RPLL,Philippines,-,-,-,-,4,39,0,0,-,-,-
19750511-1,Sunday,11-MAY-1975,16:40,A1, Initial climb (ICL),"near Mesa, AZ",United States of America,6,6, Damaged beyond repair,-,Lockheed L-1049H-01-06-162 Super Constellation,-,-,1958,-,-, N45516, 4840,Aircraft Specialties,Ferry/positioning,-,Mesa-Falcon Field,MSC,KFFZ,United States of America,-,-,-,-,3,3,3,3,-,-,Final
19750511-2,Sunday,11-MAY-1975,-,A1, Landing (LDG),"Buenos Aires-Jorge Newbery Airport, BA (AEP)",Argentina,57,0, Damaged beyond repair,-,Vickers 769D Viscount,-,-,1958,-,-, CX-AQO, 322,PLUNA,International Scheduled Passenger,-,Montevideo-Carrasco Airport,MVD,SUMU,Uruguay,Buenos Aires-Jorge Newbery Airport,AEP,SABE,Argentina,5,52,0,0,-,-,-
19750514-0,Wednesday,14-MAY-1975,-,A1, En route (ENR),"King and Queen County, VA",United States of America,3,3, Damaged beyond repair,-,North American T-39A-1-NA Sabreliner,-,-,-,-,-, 61-0646, 265-49,USAF,Military,-,Camp Springs-Andrews AFB,ADW,KADW,United States of America,Camp Springs-Andrews AFB,ADW,KADW,United States of America,3,0,3,0,-,-,-
19750515-0,Thursday,15-MAY-1975,-,H2, Unknown (UNK),"San Francisco International Airport, CA (SFO)",United States of America,80,0, Unknown,-,Boeing 737-200,-,-,-,-,-, registration unknown,-,United Airlines,Domestic Scheduled Passenger,UA509,Eugene Airport,EUG,KEUG,United States of America,San Francisco International Airport,SFO,KSFO,United States of America,-,-,0,0,-,-,-
19750516-0,Friday,16-MAY-1975,07:33,A2, Approach (APR),near Glasgow-Prestwick Airport (PIK),United Kingdom,5,0, Minor, Repaired,Boeing 747-136,4,Pratt & Whitney JT9D-7,1970,5507.0,13732.0, G-AWNB, 19762/41,British Airways,Training,-,Glasgow-Prestwick Airport,PIK,EGPK,United Kingdom,Glasgow-Prestwick Airport,PIK,EGPK,United Kingdom,5,0,0,0,-,-,Final
19750517-1,Saturday,17-MAY-1975,-,O1, Standing (STD),"Rio de Janeiro-Jacarepaguá Airport, RJ",Brazil,-,0, Damaged beyond repair,-,Douglas C-47B-15-DK (DC-3),2,Pratt & Whitney R-1830-90C,1944,-,-, PP-CDD, 26818/15373,Motortec,-,-,-,-,-,-,-,-,-,-,-,-,0,0,-,-,-
19750518-0,Sunday,18-MAY-1975,-,A1, Unknown (UNK),near Birobidzhan,Russia,-,0, Damaged beyond repair,-,Antonov An-2R,-,-,-,-,-, CCCP-70426, 1G143-05,Aeroflot / Far East,Unknown,-,-,-,-,-,-,-,-,-,-,-,0,0,-,-,-
19750519-0,Monday,19-MAY-1975,-,U1, Unknown (UNK),at an unknown location,India,-,-, Damaged beyond repair,-,Douglas C-47 (DC-3),-,-,-,-,-, BJ975,-,Indian AF,Military,-,-,-,-,-,-,-,-,-,-,-,-,-,-,-,-
19750519-1,Monday,19-MAY-1975,-,A1, Initial climb (ICL),Mestia,Georgia,-,0, Damaged beyond repair,-,Antonov An-2T,-,-,1957,-,-, CCCP-07960, 18347311,Aeroflot / Georgia,Unknown,-,-,-,-,-,-,-,-,-,-,-,0,0,-,-,-
19750520-0,Tuesday,20-MAY-1975,-,A1, Landing (LDG),at an unknown location,Russia,-,-, Damaged beyond repair,-,Antonov An-2,-,-,-,-,-, CCCP-43908,-,Aeroflot / Yakutsk,Unknown,-,-,-,-,-,-,-,-,-,-,-,-,-,-,-,-
19750521-0,Wednesday,21-MAY-1975,09:05,A2, Takeoff (TOF),"Anchorage-Lake Hood, AK (LHD)",United States of America,1,1, Substantial, Repaired,de Havilland Canada DHC-3 Otter,-,-,1956,-,-, N90574, 174,Woods Air Service,Cargo,-,Anchorage-Lake Hood,LHD,PALH,United States of America,Aniak Airport,ANI,PANI,United States of America,1,0,1,0,-,-,Final
19750528-0,Wednesday,28-MAY-1975,11:42,A1, Landing (LDG),Osaka-Itami Airport (ITM),Japan,22,0, Damaged beyond repair,-,NAMC YS-11-125,-,-,1967,-,18713.0, JA8680, 2041,TOA Domestic,Domestic Scheduled Passenger, 621,Osaka-Itami Airport,ITM,RJOO,Japan,Oki Island Airport,OKI,RJNO,Japan,4,18,0,0,-,-,-
19750529-0,Thursday,29-MAY-1975,01:50,A1, Unknown (UNK),"near Rockwood, TN",United States of America,2,2, Damaged beyond repair,-,Lockheed 18 Learstar I,-,-,1943,-,-, N75G, 18-2482,Colonial Bank,Illegal Flight,-,Gainesville Municipal Airport,GLE,KGLE,United States of America,Rockwood Municipal Airport,RKW,KRKW,United States of America,2,0,2,0,-,-,-
19750603-0,Tuesday,03-JUN-1975,-,C2, En route (ENR),near Manila,Philippines,64,1, Substantial, Repaired,BAC One-Eleven 524FF,-,-,1969,-,-, RP-C1184, 190,Philippine Air Lines,Domestic Scheduled Passenger,-,Legaspi Airport,LGP,RPLP,Philippines,Manila Airport,MNL,RPLL,Philippines,5,59,0,1,-,-,-
19750603-1,Tuesday,03-JUN-1975,-,A1, Landing (LDG),Guadeloupe,Guadeloupe,-,0, Damaged beyond repair,-,Lockheed L-1049H Super Constellation,-,-,1957,-,-, N6931C, 4813,Sky Truck Int.,Ferry/positioning,-,Fort de France-Lamentin Airport,FDF,TFFF,Martinique,Fort Lauderdale International Airport,FLL,KFLL,United States of America,-,-,0,0,-,-,-
19750606-0,Friday,06-JUN-1975,-,A1, Takeoff (TOF),San Borja Airport (SRJ),Bolivia,4,0, Damaged beyond repair,-,Curtiss C-46F-1-CU Commando,-,-,1945,-,-, CP-941, 22446,TAI,Non Scheduled Passenger,-,San Borja Airport,SRJ,SLSB,Bolivia,-,-,-,-,3,1,0,0,-,-,-
19750609-0,Monday,09-JUN-1975,-,A1, Unknown (UNK),Riberalta,Bolivia,-,-, Damaged beyond repair,-,Curtiss C-46A-40-CU Commando,2,Pratt & Whitney R-2800-51,1944,-,-, CP-855, 26948,Frigorifico Santa Rita,Unknown,-,-,-,-,-,-,-,-,-,-,-,-,-,-,-,-
19750612-0,Thursday,12-JUN-1975,02:15,A1, Takeoff (TOF),Bombay-Santacruz Airport (BOM),India,394,0, Damaged beyond repair,-,Boeing 747-128,4,Pratt & Whitney JT9D-7,1972,-,-, N28888, 20542/201,Air France,International Scheduled Passenger,AF193,Bombay-Santacruz Airport,BOM,VABB,India,Tehran-Mehrabad Airport,THR,OIII,Iran,18,376,0,0,-,-,-
19750614-0,Saturday,14-JUN-1975,16:32,A1, Initial climb (ICL),"near Watertown Airport, SD (ATY)",United States of America,6,0, Damaged beyond repair,-,Rockwell Sabreliner 75A,2,General Electric CF700,-,-,-, N67KM, 380-7,Kerr-McGee Corp,Executive,-,Watertown Airport,ATY,KATY,United States of America,-,-,-,-,2,4,0,0,-,-,Final
19750617-0,Tuesday,17-JUN-1975,-,A1, Landing (LDG),"Pedro Afonso, GO",Brazil,15,1, Damaged beyond repair,-,Hawker Siddeley HS-748-235 Srs. 2A,-,-,1967,-,-, PP-VDN, 1625,Varig,Domestic Scheduled Passenger,-,-,-,-,-,-,-,-,-,4,11,1,0,-,3,-
19750617-1,Tuesday,17-JUN-1975,08:33,A1, Landing (LDG),Bombay-Santacruz Airport (BOM),India,93,0, Damaged beyond repair,-,Sud Aviation SE-210 Caravelle VI-N,-,-,1966,-,-, VT-DVJ, 216,Indian Airlines,Domestic Scheduled Passenger,-,Delhi-Indira Gandhi International Airport,DEL,VIDP,India,Bombay-Santacruz Airport,BOM,VABB,India,6,87,0,0,-,-,Final
19750619-0,Thursday,19-JUN-1975,-,A1, Unknown (UNK),near Markovo,Russia,-,0, Damaged beyond repair,-,Antonov An-2T,-,-,1952,-,-, CCCP-41932, 12647309,Aeroflot / Magadan,Unknown,-,-,-,-,-,-,-,-,-,-,-,0,0,-,-,-
19750620-0,Friday,20-JUN-1975,-,U1, Unknown (UNK),unknown,Unknown country,-,-, Damaged beyond repair,-,Lockheed P2V-7 Neptune,-,-,-,-,-, 4664, 2048,Japanese Navy,Military,-,-,-,-,-,-,-,-,-,-,-,-,-,-,-,-
19750622-0,Sunday,22-JUN-1975,-,A1, Unknown (UNK),La Libertad,Colombia,3,0, Damaged beyond repair,-,Handley Page HPR-7 Herald 101,2,Rolls-Royce Dart (series unknown),1961,-,-, HK-715, 151,La Urraca,Domestic Scheduled Passenger,-,-,-,-,-,-,-,-,-,2,1,0,0,-,-,-
19750624-1,Tuesday,24-JUN-1975,16:05,A1, Approach (APR),"New York-John F. Kennedy International Airport, NY (JFK)",United States of America,124,113, Destroyed, Written off (damaged beyond repair),Boeing 727-225,3,Pratt & Whitney JT8D-7A,1970,-,12206.0, N8845E, 20443/837,Eastern Air Lines,Domestic Scheduled Passenger,EA66,New Orleans International Airport,MSY,KMSY,United States of America,New York-John F. Kennedy International Airport,JFK,KJFK,United States of America,8,116,6,107,-,-,Final
19750626-1,Thursday,26-JUN-1975,-,A1, Takeoff (TOF),Kaufering,Germany,3,3, Damaged beyond repair,-,Douglas C-47D,2,Pratt & Whitney R-1830-90,1945,-,-, 14+07, 33194/16446,German AF,Military,-,-,-,-,-,-,-,-,-,3,0,3,0,-,-,-
19750627-0,Friday,27-JUN-1975,-,A1, Unknown (UNK),Emden Airport (EME),Germany,-,-, Damaged beyond repair,-,Britten-Norman BN-2 Islander,-,-,1968,-,-, D-IJAN, 22,Kurfiss Aviation,Unknown,-,-,-,-,-,-,-,-,-,-,-,-,-,-,-,-
19750628-0,Saturday,28-JUN-1975,-,H2, Unknown (UNK),Thessaloniki Airport (SKG),Greece,-,0, Unknown,-,Antonov An-24,-,-,-,-,-, registration unknown,-,Balkan Bulgarian,Unknown,-,Varna Airport,VAR,LBWN,Bulgaria,Sofia-Vrazhdebna Airport,SOF,LBSF,Bulgaria,-,-,0,0,-,-,-
19750628-1,Saturday,28-JUN-1975,-,A1, Unknown (UNK),near Karaganda,Russia,-,0, Damaged beyond repair,-,Antonov An-2T,-,-,1959,-,-, CCCP-02132, 111847317,Aeroflot / Kyrgyzstan,Unknown,-,-,-,-,-,-,-,-,-,-,-,0,0,-,-,-
19750630-0,Monday,30-JUN-1975,19:35,A1, En route (ENR),"27,5 km (17.2 mls) S of Saravena",Colombia,3,3, Damaged beyond repair,-,Douglas DC-4,-,-,1944,-,-, HK-1309, 10403,El Venado,Cargo,-,Cúcuta-Camilo Daza Airport,CUC,SKCC,Colombia,Tame Airport,TME,SKTM,Colombia,3,0,3,0,-,-,-
19750699-0,-,xx-JUN-1975,-,U1, Unknown (UNK),"Williams Lake, BC",Canada,-,-, Damaged beyond repair,-,Britten-Norman BN-2A Islander,-,-,1968,-,-, CF-RDI, 35,Wilderness Airline,Unknown,-,-,-,-,-,-,-,-,-,-,-,-,-,-,-,-
19750699-1,-,xx-JUN-1975,-,O1, Standing (STD),Atlantic Ocean off Gabon,Gabon,0,0, Damaged beyond repair,-,Grumman G-73 Mallard,-,-,1950,-,-, TR-LSW, J-52,Gabon Government,-,-,-,-,-,-,-,-,-,-,0,0,0,0,-,-,-
19750702-0,Wednesday,02-JUL-1975,-,A1, Initial climb (ICL),Nantes Château-Bougon Airport (NTE),France,8,8, Damaged beyond repair,-,Beechcraft 99 Airliner,2,Pratt & Whitney Canada PT6A-20,1969,-,-, F-BTQE, U- 61,TAT,Domestic Scheduled Passenger,-,Nantes Château-Bougon Airport,NTE,LFRS,France,Brest-Guipavas Airport,BES,LFRB,France,2,6,2,6,-,-,-
19750703-1,Thursday,03-JUL-1975,07:56,A1, Takeoff (TOF),"Richmond Municipal Airport, IN (RID)",United States of America,8,0, Damaged beyond repair,-,Learjet 25,-,-,-,-,-, N428JX, 25-103,Unknown,Executive,-,Richmond Municipal Airport,RID,KRID,United States of America,Farmingdale-Republic Field,FRG,KFRG,United States of America,2,6,0,0,-,-,Final
19750705-1,Saturday,05-JUL-1975,-,C2, Standing (STD),Islamabad International Airport (ISB),Pakistan,-,0, Substantial, Repaired,Boeing 707-373C,-,-,1966,-,-, AP-AWV, 19441/548,PIA,Domestic Scheduled Passenger,PK309,Islamabad International Airport,ISB,OPRN,Pakistan,Karachi International Airport,KHI,OPKC,Pakistan,-,-,0,0,-,-,-
19750709-0,Wednesday,09-JUL-1975,-,U1, Unknown (UNK),at an unknown location,Unknown country,-,-, Damaged beyond repair,-,Britten-Norman BN-2A-6 Islander,-,-,1970,-,-, TU-TFW, 196,Interivoire,Unknown,-,-,-,-,-,-,-,-,-,-,-,-,-,-,-,-
19750710-0,Thursday,10-JUL-1975,-,A1, Takeoff (TOF),Bogotá-Eldorado Airport (BOG),Colombia,4,2, Damaged beyond repair,-,Lockheed L-188AF Electra,-,-,1959,-,-, HK-1976, 1087,Aerocondor de Colombia,Cargo,-,Bogotá-Eldorado Airport,BOG,SKBO,Colombia,Barranquilla-Soledad Airport,BAQ,SKBQ,Colombia,4,0,2,0,-,-,-
19750710-1,Thursday,10-JUL-1975,-,O1, Standing (STD),Bogotá-Eldorado Airport (BOG),Colombia,0,0, Damaged beyond repair,-,Douglas DC-6F,-,-,1948,-,-, HK-756, 43117/107,Aerocosta Colombia,-,-,-,-,-,-,-,-,-,-,0,0,0,0,-,-,-
19750711-0,Friday,11-JUL-1975,23:55,A1, Approach (APR),"Dallas-Addison Airport, TX (ADS)",United States of America,9,0, Damaged beyond repair,-,Grumman G-159 Gulfstream I,-,-,1965,-,-, N71CR, 163,Collins Radio,Executive,-,Cedar Rapids Airport,CID,KCID,United States of America,Dallas-Addison Airport,ADS,KADS,United States of America,2,7,0,0,-,-,Final
19750711-1,Friday,11-JUL-1975,04:31,A2, Takeoff (TOF),San Juan-Isla Verde International Airport (SJU),Puerto Rico,11,0, Substantial, Repaired,de Havilland DH-114 Prinair Heron 2,4,Continental IO-520E,1954,-,14859.0, N570PR, 14074,Prinair,Domestic Scheduled Passenger, 303,San Juan-Isla Verde International Airport,SJU,TJSJ,Puerto Rico,Mayaguez-Eugenio M. de Hostos Airport,MAZ,TJMZ,Puerto Rico,2,9,0,0,-,-,Final
19750715-1,Tuesday,15-JUL-1975,12:34,A1, Approach (APR),18 km (11.3 mls) E of Batumi-Chorokh Airport (BUS),Georgia,40,40, Destroyed, Written off (damaged beyond repair),Yakovlev Yak-40,3,Ivchenko AI-25,1974,1151.0,1244.0, CCCP-87475, 9442037,Aeroflot / Armenia,Domestic Scheduled Passenger,E-15,Yerevan-Zvartnots Airport,EVN,UDYZ,Armenia,Batumi-Chorokh Airport,BUS,UGSB,Georgia,5,35,5,35,-,-,-
19750716-0,Wednesday,16-JUL-1975,15:56,C1, En route (ENR),near Kúty,Slovakia,1,1, Damaged beyond repair,-,Antonov An-2R,-,-,1973,-,-, SP-WKW, 1G144-38,ZUA,Illegal Flight,-,-,-,-,-,-,-,-,-,1,0,1,0,-,-,-
19750716-1,Wednesday,16-JUL-1975,-,A1, Landing (LDG),Arauca Airport (AUC),Colombia,8,0, Damaged beyond repair,-,Douglas DC-4,-,-,1944,-,-, HK-654, 18391,Aerotal Colombia,Domestic Scheduled Passenger,-,-,-,-,-,Arauca-Santiago Pérez Airport,AUC,SKUC,Colombia,-,-,0,0,-,-,-
19750717-0,Thursday,17-JUL-1975,-,A1, Takeoff (TOF),"Duke of York Bay, Southampton Island, NWT",Canada,7,0, Damaged beyond repair,-,de Havilland Canada CSR-123 Otter (DHC-3),-,-,1960,-,-, 9413, 389,RCAF,Military,-,-,-,-,-,-,-,-,-,2,5,0,0,-,-,-
19750718-0,Friday,18-JUL-1975,-,A1, Unknown (UNK),Mircea Voda,Romania,-,0, Damaged beyond repair,-,Antonov An-2,-,-,-,-,-, YR-ANE, 1134(473)17,Aviatia Utilitara,Unknown,-,-,-,-,-,-,-,-,-,-,-,0,0,-,-,-
19750723-0,Wednesday,23-JUL-1975,-,A1, Unknown (UNK),near Termez,Uzbekistan,-,0, Damaged beyond repair,-,Antonov An-2R,-,-,-,-,-, CCCP-70235, 1G138-53,Aeroflot / Tajikistan,Agricultural,-,-,-,-,-,-,-,-,-,-,-,0,0,-,-,-
19750725-3,Friday,25-JUL-1975,-,A1, En route (ENR),"Lake Mistassini, QC",Canada,24,0, Damaged beyond repair,-,Douglas R4D-1 (DC-3),-,-,1942,-,-, C-GLUC, 4760,St. Felicien Air Services,Domestic Non Scheduled Passenger,-,Matagami Airport,YNM,CYNM,Canada,Quebec Airport,YQB,CYQB,Canada,3,21,0,0,-,-,-
19750726-0,Saturday,26-JUL-1975,-,A1, En route (ENR),"5 km (3.1 mls) N of Imlay City, MI",United States of America,6,6, Damaged beyond repair,-,Lockheed C-130A Hercules,-,-,1958,-,-, 57-0454, 3161,USAF,Military,-,Mount Clemens-Selfridge Air National Guard Base,MTC,KMTC,United States of America,Mount Clemens-Selfridge Air National Guard Base,MTC,KMTC,United States of America,6,0,6,0,-,-,-
19750726-1,Saturday,26-JUL-1975,18:40,A1, En route (ENR),Sierra Nevada de Cocuy,Colombia,10,10, Damaged beyond repair,-,Douglas C-47 (DC-3),-,-,-,-,-, FAC-654,-,Colombian AF,Military,-,Saravena-Los Colonizadores Airport,RVE,SKSA,Colombia,Villavicencio Airport,VVC,SKVV,Colombia,3,7,3,7,-,-,-
19750728-0,Monday,28-JUL-1975,-,H2, En route (ENR),Tokyo-Haneda Airport (HND),Japan,286,0, None,-,Lockheed L-1011 TriStar,-,-,-,-,-, registration unknown,-,All Nippon,Domestic Scheduled Passenger,-,Tokyo-Haneda Airport,HND,RJTT,Japan,Sapporo-Chitose Airport,CTS,RJCC,Japan,11,275,0,0,-,-,-
19750731-0,Thursday,31-JUL-1975,-,A1, En route (ENR),near Colina,Chile,7,7, Damaged beyond repair,-,Douglas C-47A-80-DL (DC-3),2,Pratt & Whitney R-1830-92,1944,-,-, 970, 19730,Chilean AF,Military,-,Santiago-Pudahuel Airport,SCL,SCEL,Chile,Santiago-Pudahuel Airport,SCL,SCEL,Chile,3,4,3,4,-,-,-
19750731-2,Thursday,31-JUL-1975,-,A1, Landing (LDG),Taipei-Songshan Airport (TSA),Taiwan,75,27, Damaged beyond repair,-,Vickers 837 Viscount,-,-,1960,-,-, B-2029, 439,FEAT,Domestic Scheduled Passenger, 134,Hualien Airport,HUN,RCYU,Taiwan,Taipei-Songshan Airport,TSA,RCSS,Taiwan,5,70,-,-,-,-,-
19750803-0,Sunday,03-AUG-1975,-,A1, Unknown (UNK),off Punta Amapala,El Salvador,21,21, Damaged beyond repair,-,Douglas C-47 (DC-3),-,-,-,-,-, 412,-,Nicaraguan AF,Military,-,Veracruz-Las Bajadas Airport,VER,MMVR,Mexico,San Salvador/Ilopango International Airport,SAL,MSSS,El Salvador,3,18,3,18,-,-,-
19750803-1,Sunday,03-AUG-1975,04:25,A1, En route (ENR),near Amskroud,Morocco,188,188, Destroyed, Written off (damaged beyond repair),Boeing 707-321C,4,Pratt & Whitney JT3D-3B,1964,-,39749.0, JY-AEE, 18767/376,Alia,Int'l Non Scheduled Passenger,-,Paris-Le Bourget Airport,LBG,LFPB,France,Agadir-Inezgane Airport,AGA,GMAA,Morocco,7,181,7,181,-,-,-
19750803-2,Sunday,03-AUG-1975,-,A1, Landing (LDG),Belize City,Belize,-,0, Damaged beyond repair,-,Convair CV-240-23,-,-,1950,-,-, N77WA, 174,private,Unknown,-,-,-,-,-,-,-,-,-,-,-,0,0,-,-,-
19750807-0,Thursday,07-AUG-1975,16:11,A1, Initial climb (ICL),"Denver-Stapleton International Airport, CO (DEN)",United States of America,131,0, Damaged beyond repair,-,Boeing 727-224,3,Pratt & Whitney JT8D-9A,1968,-,23850.0, N88777, 19798/608,Continental Air Lines,Domestic Scheduled Passenger,CO426,Denver-Stapleton International Airport,DEN,KDEN,United States of America,Wichita-Mid-Continent Airport,ICT,KICT,United States of America,7,124,0,0,-,-,Final
19750807-1,Thursday,07-AUG-1975,-,A1, Unknown (UNK),Kasangulu,Democratic Republic of the Congo,-,-, Damaged beyond repair,-,IRMA/Britten-Norman BN-2A-7 Islander,-,-,1971,-,-, 9Q-CYB, 633,AMAZ,Unknown,-,-,-,-,-,-,-,-,-,-,-,-,-,-,-,-
19750808-0,Friday,08-AUG-1975,-,O1, Standing (STD),Porvenir Island,Panama,0,0, Damaged beyond repair,-,Britten-Norman BN-2A Islander,-,-,1969,-,-, HP-677, 49,Servicios Aéreos SA,-,-,-,-,-,-,-,-,-,-,0,0,0,0,-,-,-
19750808-1,Friday,08-AUG-1975,15:30,A1, Approach (APR),"0,8 km (0.5 mls) NW off  Aguadilla-Borinquen Airport (BQN)",Puerto Rico,2,0, Damaged beyond repair,-,Curtiss C-46F-1-CU Commando,-,-,1945,-,-, N4873V, 22415,Rich,Cargo,-,St. Petersburg International Airport,PIE,KPIE,United States of America,Aguadilla-Borinquen Airport,BQN,TJBQ,Puerto Rico,2,0,0,0,-,-,Final
19750809-0,Saturday,09-AUG-1975,10:27,A1, Approach (APR),28 km (17.5 mls) from  Bagdarin,Russia,11,11, Destroyed, Written off (damaged beyond repair),Ilyushin Il-14M,-,-,1957,9686.0,16396.0, CCCP-52056, 7342804,Aeroflot / Leningrad,Domestic Non Scheduled Passenger,-,Chita Airport,HTA,UIAA,Russia,-,-,-,-,5,6,5,6,-,-,-
19750809-1,Saturday,09-AUG-1975,-,A1, Landing (LDG),"Port Hardy Airport, BC (YZT)",Canada,2,0, Damaged beyond repair,-,Consolidated PB4Y-2 Privateer,-,-,-,-,1482.0, N6813D,-,Hawkins & Powers,Ferry/positioning,-,Anchorage International Airport,ANC,PANC,United States of America,Ketchikan International Airport,KTN,PAKT,United States of America,2,0,0,0,-,-,-
19750814-0,Thursday,14-AUG-1975,-,A1, Unknown (UNK),St. Yan,France,-,-, Damaged beyond repair,-,Nord 262A-32,2,Turbomeca Bastan VI-C1,1967,-,-, F-BPNV, 39,DGAC/SFACT,Unknown,-,-,-,-,-,-,-,-,-,-,-,-,-,-,-,-
19750814-1,Thursday,14-AUG-1975,-,A1, Unknown (UNK),Naoro Airport (NOO),Papua New Guinea,-,-, Damaged beyond repair,-,Britten-Norman BN-2A Islander,-,-,1969,-,-, P2-ATX, 126,Aerial Tours,Unknown,-,-,-,-,-,-,-,-,-,-,-,-,-,-,-,-
19750815-0,Friday,15-AUG-1975,22:01,A1, Approach (APR),4 km (2.5 mls) S of Krasnovodsk Airport (KRW),Turkmenistan,38,23, Damaged beyond repair,-,Yakovlev Yak-40,3,Ivchenko AI-25,1973,1914.0,2130.0, CCCP-87323, 9330230,Aeroflot / Azerbaijan,Domestic Scheduled Passenger,-,Baku-Bina International Airport,BAK,UBBB,Azerbaijan,Krasnovodsk Airport,KRW,UTAK,Turkmenistan,4,34,2,21,-,-,-
19750816-1,Saturday,16-AUG-1975,-,A1, Initial climb (ICL),Bossaso Airport (BSA),Somalia,11,0, Damaged beyond repair,-,Douglas C-47A-90-DL (DC-3),2,Pratt & Whitney R-1830-92,1944,-,-, 6O-SAC, 20424,Somali Airlines,Scheduled Passenger,-,Bosaso-Bender Qassim International Airport,BSA,HCMF,Somalia,-,-,-,-,3,8,0,0,-,-,-
19750818-0,Monday,18-AUG-1975,13:10,A1, Initial climb (ICL),"Harlingen, TX",United States of America,5,3, Damaged beyond repair,-,Consolidated PBY-6A Catalina,-,-,-,-,-, N15KL,-,Confederate Air Force,Test,-,Harlingen-Valley International Airport,HRL,KHRL,United States of America,Harlingen-Valley International Airport,HRL,KHRL,United States of America,5,0,3,0,-,-,Final
19750820-0,Wednesday,20-AUG-1975,01:13,A1, Approach (APR),17 km (10.6 mls) NE of Damascus International Airport (DAM),Syria,128,126, Destroyed, Written off (damaged beyond repair),Ilyushin Il-62,4,Kuznetsov NK-8-4,1973,-,4000.0, OK-DBF, 31502,CSA,International Scheduled Passenger,OK540,Praha-Ruzyne International Airport,PRG,LKPR,Czech Republic,Damascus International Airport,DAM,OSDI,Syria,10,118,10,116,-,-,-
19750822-0,Friday,22-AUG-1975,17:15,A1, Takeoff (TOF),Ipiales Airport (IPI),Colombia,17,0, Damaged beyond repair,-,Douglas C-49J-DO,-,-,1942,-,-, HK-1517E, 4997,TANA,Domestic Scheduled Passenger,-,Ipiales-San Luis Airport,IPI,SKIP,Colombia,Cali Airport,CLO,SKCL,Colombia,-,-,0,0,-,-,-
19750823-0,Saturday,23-AUG-1975,-,A1, Unknown (UNK),Jackowo,Poland,-,-, Damaged beyond repair,-,Antonov An-2R,-,-,-,-,-, SP-WOE, 1G160-18,ZUA,Unknown,-,-,-,-,-,-,-,-,-,-,-,-,-,-,-,-
19750827-0,Wednesday,27-AUG-1975,09:22,A1, Landing (LDG),Mtwara Airport (MYW),Tanzania,19,0, Damaged beyond repair,-,Douglas C-47B-35-DK (DC-3),2,Pratt & Whitney R-1830-90D,1944,-,37365.0, 5Y-AAF, 33325/16577,East African Airways,Domestic Scheduled Passenger, 087,Dar es Salaam International Airport,DAR,HTDA,Tanzania,Mtwara Airport,MYW,HTMT,Tanzania,3,16,0,0,-,-,Final
19750828-0,Thursday,28-AUG-1975,-,C1, Takeoff (TOF),"Tucumán Airport, TU",Argentina,114,4, Damaged beyond repair,-,Lockheed C-130E Hercules,-,-,1968,-,-, TC-62, 4309,Argentine AF,Military,-,-,-,-,-,-,-,-,-,-,-,-,-,-,-,-
19750830-0,Saturday,30-AUG-1975,-,A1, Unknown (UNK),at an unknown location,Unknown country,-,-, Damaged beyond repair,-,Antonov An-2R,-,-,-,-,-, CCCP-70506, 1G144-17,Aeroflot / Belarus,Unknown,-,-,-,-,-,-,-,-,-,-,-,-,-,-,-,Preliminary
19750830-1,Saturday,30-AUG-1975,-,A1, Landing (LDG),Novosibirsk-Tolmachevo Airport (OVB),Russia,-,0, Damaged beyond repair,-,Tupolev Tu-104B,2,Mikulin AM-3M-500,1960,-,-, CCCP-42472, 021205,Aeroflot / Ukraine,Unknown,-,-,-,-,-,Novosibirsk-Tolmachevo Airport,OVB,UNNN,Russia,-,-,0,0,-,-,-
19750830-2,Saturday,30-AUG-1975,-,A1, Approach (APR),Trinidad,Bolivia,3,0, Damaged beyond repair,-,Curtiss C-46F-1-CU Commando,-,-,1945,-,-, CP-714, 22476,Trans Aéreos Beni,Unknown,-,Trinidad Airport,TDD,SLTR,Bolivia,-,-,-,-,3,0,0,0,-,-,-
19750830-3,Saturday,30-AUG-1975,13:57,A1, Approach (APR),"1 km (0.6 mls) E of Gambell Airport, AK (GAM)",United States of America,32,10, Damaged beyond repair,-,Fairchild F-27B,2,Rolls-Royce Dart 514-7,1958,-,2397.0, N4904, 21,Wien Air Alaska,Domestic Scheduled Passenger,  99,Nome Airport,OME,PAOM,United States of America,Gambell Airport,GAM,PAGM,United States of America,4,28,3,7,-,-,Final
19750901-0,Monday,01-SEP-1975,-,A1, Approach (APR),Leipzig Airport (LEJ),Germany,34,27, Damaged beyond repair,-,Tupolev Tu-134,-,-,1969,-,-, DM-SCD, 9350702,Interflug,Domestic Non Scheduled Passenger,-,Stuttgart-Echterdingen Airport,STR,EDDS,Germany,Leipzig Airport,LEJ,EDDP,Germany,6,28,3,24,-,-,-
19750904-0,Thursday,04-SEP-1975,20:40,A1, Takeoff (TOF),"Auburn Municipal Airport, WA",United States of America,6,0, Damaged beyond repair,-,de Havilland Canada DHC-3 Otter,-,-,-,-,-, N567AA, 327,Auburn Adventist Academy,Private,-,-,-,-,-,-,-,-,-,1,5,0,0,-,-,Final
19750909-0,Tuesday,09-SEP-1975,-,H2, Unknown (UNK),Gonaives,Haiti,-,0, Unknown,-,de Havilland Canada DHC-6 Twin Otter,-,-,-,-,-, registration unknown,-,Haiti Air Inter,Unknown,-,Port-au-Prince Airport,PAP,MTPP,Haiti,Cap Haitien Airport,CAP,MTCH,Haiti,-,-,0,0,-,-,-
19750911-0,Thursday,11-SEP-1975,13:00,A1, En route (ENR),"Wakeman, OH",United States of America,2,2, Damaged beyond repair,-,Douglas C-47A-35-DL (DC-3),2,Pratt & Whitney R-1830-92,1943,-,-, N144A, 9723,Stoney's Rainbow Lanes & Lounge,Ferry/positioning,-,-,-,-,-,-,-,-,-,2,0,2,0,-,-,Final
19750911-1,Thursday,11-SEP-1975,07:20,A1, En route (ENR),near Mota,Ethiopia,9,1, Damaged beyond repair,-,Douglas C-47-DL (DC-3),2,Pratt & Whitney R-1830-92,1942,-,23921.0, ET-ABX, 4292,Ethiopian Airlines,Domestic Scheduled Passenger,-,Bahar Dar Airport,BJR,HABD,Ethiopia,Debra Marcos Airport,DBM,HADM,Ethiopia,3,6,0,1,-,-,-
19750913-0,Saturday,13-SEP-1975,12:00,A1, En route (ENR),"off Itaparica, BA",Brazil,2,0, Damaged beyond repair,-,Douglas EC-47A,-,-,1943,-,-, 2065, 19217,Brazilian AF,Military,-,Salvador-Dois de Julho International Airport,SSA,SBSV,Brazil,Salvador-Dois de Julho International Airport,SSA,SBSV,Brazil,2,0,0,0,-,-,-
19750915-0,Monday,15-SEP-1975,13:48,A1, Takeoff (TOF),Bilbao Airport (BIO),Spain,117,0, Damaged beyond repair,-,Hawker Siddeley HS-121 Trident 1E,3,Rolls-Royce Spey 512-5W,1969,-,12892.0, G-AVYD, 2138,British Airways,International Scheduled Passenger, 552,Bilbao Airport,BIO,LEBB,Spain,London-Heathrow Airport,LHR,EGLL,United Kingdom,7,110,0,0,-,-,Final
19750915-1,Monday,15-SEP-1975,-,H2, Standing (STD),"San Jose Municipal Airport, CA (SJC)",United States of America,5,1, None,-,Boeing 727,-,-,-,-,-, registration unknown,-,Continental Air Lines,-,-,-,-,-,-,-,-,-,-,-,-,-,-,-,-,-
19750915-2,Monday,15-SEP-1975,11:41,A1, Taxi (TXI),San Juan-Isla Verde International Airport (SJU),Puerto Rico,1,0, Damaged beyond repair,-,Britten-Norman BN-2A-6 Islander,-,-,1970,-,-, N122DW, 234,Dorado Wings,Passenger,-,San Juan-Isla Verde International Airport,SJU,TJSJ,Puerto Rico,-,-,-,-,1,0,0,0,-,-,Final
19750917-0,Wednesday,17-SEP-1975,-,A1, Unknown (UNK),near Ritoque,Chile,-,9, Damaged beyond repair,-,Douglas C-47A (DC-3),-,-,-,-,-, 125,-,Chilean Navy,Military,-,-,-,-,-,-,-,-,-,-,-,-,-,-,-,-
19750917-1,Wednesday,17-SEP-1975,12:02,A1, Approach (APR),400 m off Singapore-Seletar Airport (XSP),Singapore,2,0, Damaged beyond repair,-,Convair CV-240-4,-,-,1948,-,-, N8329C, 110,Asiatic Int. Airways,Test,-,Singapore-Seletar Airport,XSP,WSSL,Singapore,Singapore-Seletar Airport,XSP,WSSL,Singapore,2,0,0,0,-,-,-
19750917-2,Wednesday,17-SEP-1975,-,A1, Landing (LDG),Beihan Airport (BHN),Yemen,-,0, Damaged beyond repair,-,Douglas DC-3,-,-,-,-,-, 7O-ABP,-,Alyemda,Unknown,-,Aden International Airport,ADE,ODAA,Yemen,Beihan Airport,BHN,ODAB,Yemen,-,-,0,0,-,-,-
19750918-0,Thursday,18-SEP-1975,09:33,A1, En route (ENR),72 km (45 mls) NW of Turukhansk (UOTT),Russia,3,3, Damaged beyond repair,-,Antonov An-2V,-,-,-,-,-, CCCP-98302,-,Aeroflot / Krasnoyarsk,Military,-,Turukhansk Airport,THX,UOTT,Russia,-,-,-,-,3,0,3,0,-,-,-
19750919-0,Friday,19-SEP-1975,-,A1, Unknown (UNK),within Bulgaria,Bulgaria,2,2, Damaged beyond repair,-,Antonov An-2,-,-,-,-,-, LZ-...,-,Unknown,Unknown,-,-,-,-,-,-,-,-,-,2,0,2,0,-,-,-
