identifiant,week_day,date,time,type_event,phase,location,country,total_occupants,total_fatalities,aircraft_damage,aircraft_fate,type_aircraft,number_engines,type_engines,first_flight,cycles,total_airframe_hours,registration,c_n_msn,operator,nature,flight_number,departure_airport_name,departure_airport_IATA,departure_airport_ICAO,departure_airport_country,destination_airport_name,destination_airport_IATA,destination_airport_ICAO,destination_airport_country,crew_number,passengers_number,crew_fatalities,passengers_fatalities,collision_casualties,ground_casualties,status
19420109-0,Friday,09-JAN-1942,-,A1, Landing (LDG),Galapagos Island,Ecuador,-,-, Damaged beyond repair,-,Consolidated PBY-5 Catalina,-,-,-,-,-, 2368,-,US Navy,Military,-,-,-,-,-,-,-,-,-,-,-,-,-,-,-,-
19420110-1,Saturday,10-JAN-1942,-,A1, En route (ENR),off Kema,Indonesia,6,6, Missing, Presumed damaged beyond repair,Consolidated PBY-5 Catalina,-,-,-,-,-, Y-58,-,Dutch Navy,Military,-,-,-,-,-,-,-,-,-,6,0,6,0,-,-,-
19420111-0,Sunday,11-JAN-1942,19:30,A1, Landing (LDG),"Pearl Harbor NAS, HI",United States of America,5,3, Damaged beyond repair,-,Consolidated PBY-5 Catalina,-,-,-,-,-, 2452,-,US Navy,Military,-,-,-,-,-,-,-,-,-,5,0,3,0,-,-,-
19420113-0,Tuesday,13-JAN-1942,-,A1, En route (ENR),near Smelovka,Russia,6,2, Damaged beyond repair,-,Lisunov PS-84,-,-,-,-,-, CCCP-L3438, 7515,Aeroflot,Unknown,-,-,-,-,-,-,-,-,-,5,1,1,1,-,-,-
19420113-1,Tuesday,13-JAN-1942,-,A1, Landing (LDG),"Selma-Craig Field, AL (SEM)",United States of America,-,0, Damaged beyond repair,-,Douglas C-33 (DC-2),-,-,1936,-,-, 36-72, 1505,USAAF,Military,-,-,-,-,-,Selma-Craig AFB,SEM,KSEM,United States of America,-,-,0,0,-,-,-
19420113-2,Tuesday,13-JAN-1942,-,A1, En route (ENR),near Odessa,Ukraine,9,9, Damaged beyond repair,-,Junkers Ju-52/3mg4e,-,-,-,-,-, G6+GW, 6857,German AF,Military,-,-,-,-,-,-,-,-,-,5,4,5,4,-,-,-
19420113-3,Tuesday,13-JAN-1942,-,A1, Unknown (UNK),at an unknown location,Unknown country,-,-, Damaged beyond repair,-,Junkers Ju-52/3m,-,-,-,-,-, D-AXAT, 5693,German AF,Military,-,-,-,-,-,-,-,-,-,-,-,-,-,-,-,-
19420114-2,Wednesday,14-JAN-1942,-,A1, Standing (STD),Kastrup airfield,Denmark,0,0, Damaged beyond repair,-,Junkers Ju-52/3mge,-,-,-,-,-, registration unknown, 4047,German AF,Military,-,-,-,-,-,-,-,-,-,-,-,-,-,-,-,-
19420115-0,Thursday,15-JAN-1942,-,O1, Standing (STD),Fossvogur,Iceland,0,0, Damaged beyond repair,-,Consolidated PBY-5 Catalina,-,-,-,-,-, 2326,-,US Navy,Military,-,-,-,-,-,-,-,-,-,0,0,0,0,-,-,-
19420115-1,Thursday,15-JAN-1942,-,O1, Standing (STD),Fossvogur,Iceland,0,0, Damaged beyond repair,-,Consolidated PBY-5 Catalina,-,-,-,-,-, 2331,-,US Navy,Military,-,-,-,-,-,-,-,-,-,0,0,0,0,-,-,-
19420115-2,Thursday,15-JAN-1942,-,O1, Standing (STD),Fossvogur,Iceland,0,0, Damaged beyond repair,-,Consolidated PBY-5 Catalina,-,-,-,-,-, 2337,-,US Navy,Military,-,-,-,-,-,-,-,-,-,0,0,0,0,-,-,-
19420115-3,Thursday,15-JAN-1942,-,A1, Takeoff (TOF),Kavieng Harbour,Papua New Guinea,9,9, Damaged beyond repair,-,Consolidated PBY-5 Catalina,-,-,-,-,-, A24-11, 279,RAAF,Military,-,-,-,-,-,-,-,-,-,9,0,9,0,-,-,-
19420115-4,Thursday,15-JAN-1942,-,O1, Standing (STD),"Stranraer, Kirkcudbrightshire",United Kingdom,0,0, Damaged beyond repair,-,Short Sunderland I,-,-,-,-,-, L2163,-,RAF,Military,-,-,-,-,-,-,-,-,-,0,0,0,0,-,-,-
19420116-0,Friday,16-JAN-1942,19:20,A1, En route (ENR),"53 km (33.1 mls) SW of Las Vegas, NV",United States of America,22,22, Damaged beyond repair,-,Douglas DC-3-382,2,Wright R-1820-G202A,1941,-,-, NC1946, 3295,TWA,Domestic Scheduled Passenger,   3,Las Vegas McCarran Field,LSV,KLSV,United States of America,Hollywood-Lockheed Air Terminal,BUR,KBUR,United States of America,3,19,3,19,-,-,Final
19420119-0,Monday,19-JAN-1942,-,A1, En route (ENR),"South Yell, Shetland Islands",United Kingdom,10,7, Destroyed, Written off (damaged beyond repair),Consolidated Catalina I,-,-,-,-,-, Z2148,-,RAF,Military,-,-,-,-,-,-,-,-,-,10,0,7,0,-,-,-
19420121-0,Wednesday,21-JAN-1942,-,C1, Standing (STD),Salamaua Airfield,Papua New Guinea,0,0, Damaged beyond repair,-,Ford 4-AT-E Tri-Motor,3,Wright J-6-9 Whirlwind,1929,-,-, VH-USX, 4-AT-68,Guinea Airways,-,-,-,-,-,-,-,-,-,-,0,0,0,0,-,-,-
19420121-1,Wednesday,21-JAN-1942,-,C1, Standing (STD),Bulolo Airport (BUL),Papua New Guinea,0,0, Damaged beyond repair,-,Junkers G.31go,-,-,-,-,-, VH-UOV, 3012,Bulolo Gold Dredging Co,-,-,-,-,-,-,-,-,-,-,0,0,0,0,-,-,-
19420121-2,Wednesday,21-JAN-1942,-,C1, Standing (STD),Bulolo Airport (BUL),Papua New Guinea,0,0, Damaged beyond repair,-,Junkers G.31ba,-,-,-,-,-, VH-URQ, 3000,Guinea Airways,-,-,-,-,-,-,-,-,-,-,0,0,0,0,-,-,-
19420121-3,Wednesday,21-JAN-1942,-,C1, Standing (STD),Bulolo Airport (BUL),Papua New Guinea,0,0, Damaged beyond repair,-,Junkers G.31go,-,-,-,-,-, VH-UOU, 3011,Bulolo Gold Dredging Co,-,-,-,-,-,-,-,-,-,-,0,0,0,0,-,-,-
19420121-4,Wednesday,21-JAN-1942,-,C1, En route (ENR),off Salamaua,Papua New Guinea,8,3, Damaged beyond repair,-,Consolidated PBY-5 Catalina,-,-,-,-,-, A24-8, 250,RAAF,Military,-,-,-,-,-,-,-,-,-,-,-,-,-,-,-,-
19420121-5,Wednesday,21-JAN-1942,-,C1, En route (ENR),off Salamaua,Papua New Guinea,9,8, Damaged beyond repair,-,Consolidated PBY-5 Catalina,-,-,-,-,-, A24-9, 259,RAAF,Military,-,-,-,-,-,-,-,-,-,9,0,8,0,-,-,-
19420121-6,Wednesday,21-JAN-1942,-,C1, Standing (STD),Salamaua,Papua New Guinea,0,0, Damaged beyond repair,-,Avro 642 Eighteen,2,Armstrong Siddeley Jaguar IVD,1934,-,-, VH-UXD, 642,Mandated Airines,-,-,-,-,-,-,-,-,-,-,0,0,0,0,-,-,-
19420124-1,Saturday,24-JAN-1942,-,C1, En route (ENR),"near Samarinda, Dutch East Indies",Indonesia,3,0, Damaged beyond repair,-,Douglas DC-3-194C,-,-,1937,-,-, PK-AFW, 1982,KNILM,Cargo,-,-,-,-,-,-,-,-,-,-,-,0,0,-,-,-
19420125-0,Sunday,25-JAN-1942,-,A1, Unknown (UNK),"3,5 km (2.2 mls) SW of Molotov Airport (PEE)",Russia,9,0, Damaged beyond repair,-,Lisunov PS-84,-,-,1941,-,766.0, CCCP-L3479, 1840901,Aeroflot,Unknown,-,Kuybyshev Airport,KUF,UWWW,Russia,Molotov Airport,PEE,USPP,Russia,5,4,0,0,-,-,-
19420128-1,Wednesday,28-JAN-1942,-,C1, En route (ENR),N off Flores Island,Indonesia,4,0, Damaged beyond repair,-,Douglas DC-2-112,-,-,1934,-,-, A30-8, 1291,RAAF,Military,-,Surabaya Airport,SUB,WARR,Indonesia,Kupang-El Tari Airport,KOE,WATT,Indonesia,4,0,0,0,-,-,-
19420130-0,Friday,30-JAN-1942,-,A1, Landing (LDG),"Alameda NAS, CA (NGZ)",United States of America,-,-, Damaged beyond repair,-,Consolidated PBY-5 Catalina,-,-,-,-,-, 2314,-,US Navy,Military,-,-,-,-,-,Alameda NAS,NGZ,KNGZ,United States of America,-,-,-,-,-,-,-
19420130-1,Friday,30-JAN-1942,-,A1, En route (ENR),Pacific,Pacific Ocean,-,-, Missing, Presumed damaged beyond repair,Consolidated PBY-5 Catalina,-,-,-,-,-, 2413,-,US Navy,Military,-,Canton Island Airport,CIS,PCIS,Kiribati,-,-,-,-,-,-,-,-,-,-,-
19420130-2,Friday,30-JAN-1942,-,C1, En route (ENR),S off Timor,Indonesia,18,13, Damaged beyond repair,-,Short S.23 Empire Flying Boat Mk I,4,Bristol Pegasus Xc,1938,-,-, G-AEUH, S.850,BOAC,Int'l Non Scheduled Passenger,-,Kupang-El Tari Airport,KOE,WATT,Indonesia,Darwin Airport,DRW,YPDN,Australia,-,-,-,-,-,-,-
19420131-0,Saturday,31-JAN-1942,-,C1, En route (ENR),off Australian coast,Australia,-,-, Damaged beyond repair,-,Douglas R3D-2 (DC-5),-,-,1940,-,-, 1904, 609,USMC,Military,-,-,-,-,-,-,-,-,-,-,-,-,-,-,-,-
19420131-1,Saturday,31-JAN-1942,-,C1, Standing (STD),Yangon-Mingaladon Airport (RGN),Myanmar,0,0, Damaged beyond repair,-,Douglas DC-2-120,-,-,1935,-,-, DG474, 1401,RAF,Military,-,-,-,-,-,-,-,-,-,0,0,0,0,-,-,-
19420131-2,Saturday,31-JAN-1942,-,A1, En route (ENR),26 km (16.3 mls) SE of Villavicencio,Colombia,14,0, Damaged beyond repair,-,Curtiss BT-32 Condor II,-,-,-,-,-, 653, 56,Colombian AF,Military,-,Mitú Airport,MVP,SKMU,Colombia,-,-,-,-,5,9,0,0,-,-,-
19420204-0,Wednesday,04-FEB-1942,-,A1, Landing (LDG),"Bathurst Island, NT",Australia,-,0, Damaged beyond repair,-,Douglas C-53-DO (DC-3),-,-,1941,-,-, 41-20051, 4821,USAAF,Military,-,-,-,-,-,Darwin RAAF Station,DRW,YPDN,Australia,-,-,0,0,-,-,-
19420206-0,Friday,06-FEB-1942,-,A1, En route (ENR),"off Rosann Point, Donegal",Ireland,12,12, Damaged beyond repair,-,Short S.25 Sunderland,-,-,-,-,-, registration unknown,-,RAF,Military,-,-,-,-,-,-,-,-,-,12,0,12,0,-,-,-
19420212-1,Thursday,12-FEB-1942,-,A1, Unknown (UNK),at an unknown location,Russia,-,-, Damaged beyond repair,-,Junkers Ju-52/3m,-,-,-,-,-, SG+BM, 5590,German AF,Military,-,-,-,-,-,-,-,-,-,-,-,-,-,-,-,-
19420214-0,Saturday,14-FEB-1942,-,A1, Unknown (UNK),"near Cairns Airport, QLD (CNS)",Australia,2,2, Damaged beyond repair,-,Lockheed 14-H2 Super Electra,-,-,-,-,-, VH-ADS, 1431,private,Ferry/positioning,-,Cairns Airport,CNS,YBCS,Australia,Wau Airport,WUG,AYWU,Papua New Guinea,2,0,2,0,-,-,-
19420214-1,Saturday,14-FEB-1942,-,A1, Unknown (UNK),at an unknown location,Unknown country,-,-, Damaged beyond repair,-,Consolidated PBY-5 Catalina,-,-,-,-,-, 2309,-,US Navy,Military,-,-,-,-,-,-,-,-,-,-,-,-,-,-,-,-
19420214-2,Saturday,14-FEB-1942,-,A1, Unknown (UNK),at an unknown location,Unknown country,-,-, Damaged beyond repair,-,Consolidated PBY-5 Catalina,-,-,-,-,-, 2321,-,US Navy,Military,-,-,-,-,-,-,-,-,-,-,-,-,-,-,-,-
19420214-3,Saturday,14-FEB-1942,-,A1, Unknown (UNK),at an unknown location,Unknown country,-,-, Damaged beyond repair,-,Consolidated PBY-5 Catalina,-,-,-,-,-, 2304,-,US Navy,Military,-,-,-,-,-,-,-,-,-,-,-,-,-,-,-,-
19420216-0,Monday,16-FEB-1942,-,A1, Unknown (UNK),"Elk Horn Mountain, VA",United States of America,-,7, Damaged beyond repair,-,Consolidated PBY-5A Catalina,-,-,-,-,-, 2469,-,US Navy,Military,-,-,-,-,-,-,-,-,-,-,-,-,-,-,-,-
19420217-0,Tuesday,17-FEB-1942,-,A1, Takeoff (TOF),"Kaneohe Bay, HI",United States of America,-,8, Damaged beyond repair,-,Consolidated PBY-5 Catalina,-,-,-,-,-, 2345,-,US Navy,Military,-,-,-,-,-,-,-,-,-,-,-,-,-,-,-,-
19420217-1,Tuesday,17-FEB-1942,-,A1, Unknown (UNK),Hendon Airport (HEN),United Kingdom,-,-, Damaged beyond repair,-,de Havilland DH.86A Express,-,-,-,-,-, X9441, 2351,RAF,Military,-,-,-,-,-,-,-,-,-,-,-,-,-,-,-,-
19420219-0,Thursday,19-FEB-1942,-,C1, Unknown (UNK),"Darwin, NT",Australia,-,-, Damaged beyond repair,-,Consolidated PBY-4 Catalina,-,-,-,-,-, 1214,-,US Navy,Military,-,-,-,-,-,-,-,-,-,-,-,-,-,-,-,-
19420219-1,Thursday,19-FEB-1942,-,C1, Unknown (UNK),"Darwin, NT",Australia,-,-, Damaged beyond repair,-,Consolidated PBY-4 Catalina,-,-,-,-,-, 1233,-,US Navy,Military,-,-,-,-,-,-,-,-,-,-,-,-,-,-,-,-
19420219-2,Thursday,19-FEB-1942,-,A1, Unknown (UNK),"near Melville Island, NT",Australia,-,0, Damaged beyond repair,-,Consolidated PBY-5 Catalina,-,-,-,-,-, 2306,-,US Navy,Military,-,-,-,-,-,-,-,-,-,-,-,0,0,-,-,-
19420219-3,Thursday,19-FEB-1942,-,A1, Landing (LDG),"Aleutians, AK",United States of America,-,-, Damaged beyond repair,-,Consolidated PBY-5A Catalina,-,-,-,-,-, 04408,-,US Navy,Military,-,-,-,-,-,-,-,-,-,-,-,-,-,-,-,-
19420219-4,Thursday,19-FEB-1942,-,O1, Standing (STD),Semplak,Indonesia,0,0, Damaged beyond repair,-,Fokker F.XII,3,Pratt & Whitney R-1340 Wasp C,-,-,-, PK-AFI, 5247,KNILM,-,-,-,-,-,-,-,-,-,-,0,0,0,0,-,-,-
19420220-0,Friday,20-FEB-1942,-,O1, Standing (STD),"Brisbane-Archerfield Airport, QLD",Australia,0,0, Damaged beyond repair,-,Lockheed 18-40-11 Lodestar,-,-,1941,-,-, LT-922, 18-2125,Netherlands East Indies AF,Military,-,-,-,-,-,-,-,-,-,0,0,0,0,-,-,-
19420220-1,Friday,20-FEB-1942,08:30,A1, En route (ENR),"13 km (8.1 mls) ENE of Brisbane-Archerfield Airport, QLD",Australia,9,9, Damaged beyond repair,-,de Havilland DH.86 Express,-,-,-,-,-, VH-USE, 2309,Qantas,Domestic Scheduled Passenger,-,-,-,-,-,Mount Isa Airport,ISA,YBMA,Australia,2,7,2,7,-,-,-
19420220-2,Friday,20-FEB-1942,-,O1, Standing (STD),at an unknown location,Unknown country,0,0, Damaged beyond repair,-,de Havilland DH.86A Express,-,-,-,-,-, N6246, 2343,Royal Navy,Military,-,-,-,-,-,-,-,-,-,0,0,0,0,-,-,-
19420223-0,Monday,23-FEB-1942,-,A1, Unknown (UNK),"Oregon Inlet, NC",United States of America,-,-, Damaged beyond repair,-,Consolidated PBY-5A Catalina,-,-,-,-,-, 2483,-,US Navy,Military,-,-,-,-,-,-,-,-,-,-,-,-,-,-,-,-
19420223-1,Monday,23-FEB-1942,-,A1, Landing (LDG),Tanjung Priok NAS,Indonesia,5,5, Damaged beyond repair,-,Consolidated PBY-5 Catalina,-,-,-,-,-, Y-47, 303,Dutch Navy,Military,-,-,-,-,-,-,-,-,-,5,0,5,0,-,-,-
19420224-1,Tuesday,24-FEB-1942,-,A1, En route (ENR),off Rabaul,Papua New Guinea,8,8, Missing, Presumed damaged beyond repair,Consolidated PBY-5 Catalina,-,-,-,-,-, A24-13, 307,RAAF,Military,-,-,-,-,-,-,-,-,-,-,-,-,-,-,-,-
19420224-2,Tuesday,24-FEB-1942,-,A1, Unknown (UNK),at an unknown location,Russia,-,-, Damaged beyond repair,-,Junkers Ju-52/3m,-,-,-,-,-, registration unknown, 4080,German AF,Military,-,-,-,-,-,-,-,-,-,-,-,-,-,-,-,-
19420225-2,Wednesday,25-FEB-1942,-,A1, En route (ENR),Wiesciszowice,Poland,11,11, Damaged beyond repair,-,Junkers Ju-52/3m,-,-,-,-,-, 9 P C-N-P-R-S, 6697,German AF,Military,-,-,-,-,-,-,-,-,-,-,-,-,-,-,-,-
19420226-0,Thursday,26-FEB-1942,-,A1, Landing (LDG),"10 km (6.3 mls) SW of Truscott, WA",Australia,6,0, Damaged beyond repair,-,Douglas C-53 Skytrooper (DC-3),-,-,1941,-,-, 41-20066, 4836,USAAF,Military,-,Broome Airport,BME,YBRM,Australia,Broome Airport,BME,YBRM,Australia,4,2,0,0,-,-,-
19420226-1,Thursday,26-FEB-1942,-,A1, En route (ENR),"Tanjung Batu, Dutch East India",Indonesia,4,0, Damaged beyond repair,-,Douglas DC-3-194B,-,-,1937,-,-, PK-AFZ, 1981,KNILM,Ferry/positioning,-,-,-,-,-,Palembang Airport,PLM,WIPP,Indonesia,-,-,0,0,-,-,-
19420227-0,Friday,27-FEB-1942,-,C1, En route (ENR),off Sumatra,Indonesia,7,0, Damaged beyond repair,-,Consolidated PBY-5 Catalina,-,-,-,-,-, Y-63, 358,Dutch Navy,Military,-,-,-,-,-,-,-,-,-,7,0,0,0,-,-,-
19420227-1,Friday,27-FEB-1942,-,A1, En route (ENR),"La Másica Mts, Atlántida",Honduras,5,5, Damaged beyond repair,-,Curtiss T-32C Condor II,-,-,-,-,-, FAH-7, 35,Honduras AF,Military,-,La Ceiba-Goloson International Airport,LCE,MHLC,Honduras,Tegucigalpa-Toncontin Airport,TGU,MHTG,Honduras,-,-,-,-,-,-,-
19420227-2,Friday,27-FEB-1942,17:58,A1, Landing (LDG),"Townsville SPB, QLD",Australia,11,7, Destroyed, Written off (damaged beyond repair),Short S.23 Empire Flying Boat Mk I,4,Bristol Pegasus Xc,1938,-,-, A18-12, S.849,RAAF,Military,-,-,-,-,-,-,-,-,-,2,9,2,5,-,-,-
19420228-1,Saturday,28-FEB-1942,-,A1, Initial climb (ICL),"ca 2,5 km W of Porto Alegre Airport, RS (POA)",Brazil,21,6, Damaged beyond repair,-,Junkers Ju-52/3mge,-,-,-,-,-, PP-VAL, 4058,Varig,Domestic Scheduled Passenger,-,Porto Alegre Airport,POA,SBPA,Brazil,-,-,-,-,3,18,2,4,-,-,-
19420228-2,Saturday,28-FEB-1942,-,C1, En route (ENR),"ca 400 km S off Cilacap, Java, Indonesia",Pacific Ocean,22,22, Damaged beyond repair,-,Short S.23 Empire Flying Boat Mk I,4,Bristol Pegasus Xc,1937,-,7000.0, G-AETZ, S.842,BOAC,Int'l Non Scheduled Passenger,-,-,-,-,-,Broome Airport,BME,YBRM,Australia,4,18,4,18,-,-,-
19420299-0,-,xx-FEB-1942,-,A1, Unknown (UNK),"Chittagong Airport, Bangladesh (CGP",Bangladesh,-,0, Damaged beyond repair,-,Douglas DC-2-120,-,-,1935,-,-, DG478, 1403,RAF,Military,-,-,-,-,-,-,-,-,-,-,-,0,0,-,-,-
19420302-1,Monday,02-MAR-1942,07:28,A2, Landing (LDG),"Detroit City Airport, MI",United States of America,17,0, Substantial, Repaired,Douglas DC-3-313,-,-,1940,-,-, NC21788, 2187,Pennsylvania-Central Airlines,Domestic Scheduled Passenger,-,-,-,-,-,Detroit City Airport,DET,KDET,United States of America,3,14,0,0,-,-,-
19420303-0,Tuesday,03-MAR-1942,09:20,C1, Standing (STD),"Broome Airport, WA (BME)",Australia,0,0, Damaged beyond repair,-,Lockheed 18-40-11 Lodestar,-,-,1941,-,-, LT-918, 18-2122,Netherlands East Indies AF,Military,-,-,-,-,-,-,-,-,-,0,0,0,0,-,-,-
19420303-1,Tuesday,03-MAR-1942,-,C1, Standing (STD),"Broome, WA",Australia,-,-, Damaged beyond repair,-,Consolidated PBY-4 Catalina,-,-,-,-,-, 1237,-,US Navy,Military,-,-,-,-,-,-,-,-,-,-,-,-,-,-,-,-
19420303-10,Tuesday,03-MAR-1942,10:30,C1, Approach (APR),"Carnot Bay, WA",Australia,12,4, Damaged beyond repair,-,Douglas DC-3-194B,-,-,1937,-,-, PK-AFV, 1965,KNILM,Int'l Non Scheduled Passenger,-,Bandung Airport,BDO,WICC,Indonesia,Broome Airport,BME,YBRM,Australia,-,-,1,3,-,-,-
19420303-11,Tuesday,03-MAR-1942,-,C1, Standing (STD),"Broome, WA",Australia,-,-, Damaged beyond repair,-,Short S.23 Empire Flying Boat Mk I,4,Bristol Pegasus Xc,1937,-,-, G-AEUC, S.845,BOAC,-,-,-,-,-,-,-,-,-,-,-,-,-,-,-,-,-
19420303-2,Tuesday,03-MAR-1942,-,C1, Standing (STD),"Broome, WA",Australia,-,-, Damaged beyond repair,-,Consolidated PBY-4 Catalina,-,-,-,-,-, 1227,-,US Navy,Military,-,-,-,-,-,-,-,-,-,-,-,-,-,-,-,-
19420303-3,Tuesday,03-MAR-1942,-,C1, Standing (STD),"Broome, WA",Australia,-,-, Damaged beyond repair,-,Consolidated 28-5MNE Catalina,-,-,-,-,-, W8433,-,RAF,Military,-,-,-,-,-,-,-,-,-,-,-,-,-,-,-,-
19420303-4,Tuesday,03-MAR-1942,-,C1, Standing (STD),"Broome, WA",Australia,-,-, Damaged beyond repair,-,Consolidated 28-5MNE Catalina,-,-,-,-,-, FV-W, 330,RAF,Military,-,-,-,-,-,-,-,-,-,-,-,-,-,-,-,-
19420303-5,Tuesday,03-MAR-1942,-,C1, Standing (STD),"Broome, WA",Australia,-,-, Damaged beyond repair,-,Consolidated PBY-5 Catalina,-,-,-,-,-, Y-59, 351,Dutch Navy,Military,-,-,-,-,-,-,-,-,-,-,-,-,-,-,-,-
19420303-6,Tuesday,03-MAR-1942,-,C1, Standing (STD),"Broome, WA",Australia,-,-, Damaged beyond repair,-,Consolidated PBY-5 Catalina,-,-,-,-,-, Y-60, 352,Dutch Navy,Military,-,-,-,-,-,-,-,-,-,-,-,-,-,-,-,-
19420303-7,Tuesday,03-MAR-1942,-,C1, Standing (STD),"Broome, WA",Australia,-,-, Damaged beyond repair,-,Consolidated PBY-5 Catalina,-,-,-,-,-, Y-67, 369,Dutch Navy,Military,-,-,-,-,-,-,-,-,-,-,-,-,-,-,-,-
19420303-8,Tuesday,03-MAR-1942,-,C1, Standing (STD),"Broome, WA",Australia,-,-, Damaged beyond repair,-,Consolidated PBY-5 Catalina,-,-,-,-,-, Y-70, 378,Dutch Navy,Military,-,-,-,-,-,-,-,-,-,-,-,-,-,-,-,-
19420303-9,Tuesday,03-MAR-1942,-,C1, Landing (LDG),"Broome Airport, WA (BME)",Australia,-,0, Damaged beyond repair,-,Douglas DC-3-194B,-,-,1937,-,-, PK-ALO, 1937,KNILM,Unknown,-,-,-,-,-,Broome Airport,BME,YBRM,Australia,-,-,0,0,-,-,-
19420305-0,Thursday,05-MAR-1942,-,A1, En route (ENR),"off Port Sewall, FL",United States of America,7,7, Damaged beyond repair,-,Douglas C-39 (DC-2),-,-,1939,-,-, 38-525, 2082,USAAF,Military,-,-,-,-,-,Stuart-Witham Field,SUA,KSUA,United States of America,4,3,4,3,-,-,-
19420308-0,Sunday,08-MAR-1942,-,O1, Standing (STD),"Corpus Christi, TX",United States of America,0,0, Damaged beyond repair,-,Ford 4-AT-E Tri-Motor,3,Wright J-6-9 Whirlwind,1929,-,-, NC9613, 4-AT-56,Aircraft Export Corporation,-,-,-,-,-,-,-,-,-,-,0,0,0,0,-,-,-
19420308-1,Sunday,08-MAR-1942,-,A1, Takeoff (TOF),"Tongue Point, OR",United States of America,-,-, Damaged beyond repair,-,Consolidated PBY-5A Catalina,-,-,-,-,-, 7299,-,US Navy,Military,-,-,-,-,-,-,-,-,-,-,-,-,-,-,-,-
19420310-0,Tuesday,10-MAR-1942,-,O1, Standing (STD),Khartoum,Sudan,0,0, Damaged beyond repair,-,Douglas DC-3-270,-,-,1939,-,-, NC21750, 2126,Pan Am,Military,-,-,-,-,-,-,-,-,-,0,0,0,0,-,-,-
19420313-0,Friday,13-MAR-1942,-,C1, Standing (STD),at an unknown location,Papua New Guinea,0,0, Damaged beyond repair,-,Ford 4-AT-E Tri-Motor,3,Wright J-6-9 Whirlwind,1929,-,-, A45-2, 4-AT-61,RAAF,Military,-,-,-,-,-,-,-,-,-,0,0,0,0,-,-,-
19420314-1,Saturday,14-MAR-1942,21:30,A1, Takeoff (TOF),2 km (1.3 mls) from  Kunming Airport (KMG),China,17,13, Damaged beyond repair,-,Douglas DC-2-221,-,-,1937,-,-, 31, 1567,CNAC,Domestic Scheduled Passenger,-,Kunming-Wujiaba Airfield,KMG,ZPPP,China,Chongqing-Jiangbei International Airport,CKG,ZUCK,China,3,14,3,10,-,-,-
19420316-0,Monday,16-MAR-1942,-,A1, Unknown (UNK),"Ogden-Hill Field, UT (HIF)",United States of America,-,-, Damaged beyond repair,-,Douglas C-33 (DC-2),-,-,1936,-,-, 36-82, 1515,USAAF,Military,-,-,-,-,-,-,-,-,-,-,-,-,-,-,-,-
19420317-1,Tuesday,17-MAR-1942,-,A1, Takeoff (TOF),"São Paulo-Congonhas Airport, SP (CGH)",Brazil,-,-, Damaged beyond repair,-,Lockheed 18-10 Lodestar,-,-,1941,-,-, PP-PBE, 18-2099,Panair do Brasil,Unknown,-,São Paulo-Congonhas Airport,CGH,SBSP,Brazil,-,-,-,-,-,-,-,-,-,-,-
19420320-2,Friday,20-MAR-1942,-,A1, En route (ENR),"Klinserschlucht, Spitzmauer, Near Großer Priel",Austria,4,4, Damaged beyond repair,-,Junkers Ju-52/3m,-,-,-,-,-, registration unknown,-,German AF,Military,-,-,-,-,-,-,-,-,-,-,-,-,-,-,-,-
19420322-0,Sunday,22-MAR-1942,-,A1, Unknown (UNK),near Medyn,Russia,6,6, Missing, Presumed damaged beyond repair,Lisunov PS-84,-,-,-,-,-, CCCP-L3975,-,Aeroflot,Unknown,-,-,-,-,-,-,-,-,-,6,0,6,0,-,-,-
19420322-1,Sunday,22-MAR-1942,-,A1, Landing (LDG),"Port Darwin, NT",Australia,15,2, Damaged beyond repair,-,Short S.23 Empire Flying Boat Mk I,4,Bristol Pegasus Xc,1937,-,-, G-AEUF, S.848,RAAF,Military,-,-,-,-,-,-,-,-,-,4,11,0,2,-,-,-
19420324-0,Tuesday,24-MAR-1942,-,A1, En route (ENR),32 km (20 mls) SSW of Porchov,Russia,4,4, Damaged beyond repair,-,Junkers Ju 52/3m,-,-,-,-,-, BJ+ET, 3184,German AF,Military,-,-,-,-,-,-,-,-,-,-,-,-,-,-,-,-
19420326-0,Thursday,26-MAR-1942,-,A1, Unknown (UNK),"Katherine River, NT",Australia,3,0, Damaged beyond repair,-,Lockheed 14-WF62 Super Electra,-,-,-,-,-, PK-AFM, 1411,KNILM,Unknown,-,-,-,-,-,-,-,-,-,-,-,0,0,-,-,-
19420328-0,Saturday,28-MAR-1942,-,A1, Landing (LDG),off Iceland,Atlantic Ocean,-,-, Damaged beyond repair,-,Consolidated PBY-5A Catalina,-,-,-,-,-, 2462,-,US Navy,Military,-,-,-,-,-,-,-,-,-,-,-,-,-,-,-,-
19420328-1,Saturday,28-MAR-1942,-,C1, En route (ENR),off Sicily,Italy,-,-, Damaged beyond repair,-,Savoia-Marchetti SM-75,-,-,-,-,-, I-BURA, 32040,LATI,Unknown,-,-,-,-,-,-,-,-,-,-,-,-,-,-,-,-
19420399-1,-,xx-MAR-1942,-,A1, En route (ENR),off Taiwan,Taiwan,-,-, Damaged beyond repair,-,Douglas DC-3 (Nakajima L2D),-,-,-,-,-, J-BKOJ,-,Imperial Japanese Airways,Unknown,-,-,-,-,-,-,-,-,-,-,-,-,-,-,-,-
19420405-0,Sunday,05-APR-1942,-,A1, Approach (APR),"S of Makapu'u, HI",United States of America,9,9, Destroyed, Written off (damaged beyond repair),Consolidated PBY-5A Catalina,-,-,-,-,-, 2487,-,US Navy,Military,-,-,-,-,-,-,-,-,-,9,0,9,0,-,-,-
19420407-0,Tuesday,07-APR-1942,-,A1, Landing (LDG),Reykjavík RAF Station (RKV),Iceland,4,0, Damaged beyond repair,-,de Havilland DH.91 Albatross,-,-,1937,-,-, AX904, 6801,RAF,Military,-,-,-,-,-,Reykjavík RAF Station,RKV,BIRK,Iceland,-,-,0,0,-,-,-
19420410-0,Friday,10-APR-1942,-,A1, Takeoff (TOF),Maaten Bagush,Egypt,-,-, Damaged beyond repair,-,de Havilland DH.86 Express,-,-,-,-,-, HK844, 2300,RAF,Military,-,-,-,-,-,-,-,-,-,-,-,-,-,-,-,-
19420412-1,Sunday,12-APR-1942,-,A1, En route (ENR),"Livermore Valley, CA",United States of America,6,5, Damaged beyond repair,-,Consolidated PBY-5A Catalina,-,-,-,-,-, 7266, 4..,US Navy,Military,-,Alameda NAS,NGZ,KNGZ,United States of America,Norfolk NAS Chambers,NGU,KNGU,United States of America,-,-,-,-,-,-,-
19420412-2,Sunday,12-APR-1942,-,A1, En route (ENR),"11 km (6.9 mls) E of Livermore, CA",United States of America,8,8, Damaged beyond repair,-,Consolidated PBY-5A Catalina,-,-,-,-,-, 7269, 4...,US Navy,Military,-,Alameda NAS,NGZ,KNGZ,United States of America,Norfolk NAS Chambers,NGU,KNGU,United States of America,-,-,-,-,-,-,-
19420413-1,Monday,13-APR-1942,-,A1, Unknown (UNK),Akyab Main RAF Station (AKY),Myanmar,-,-, Damaged beyond repair,-,Douglas DC-2-120,-,-,1934,-,-, AX755, 1309,RAF,Military,-,-,-,-,-,-,-,-,-,-,-,-,-,-,-,-
19420415-0,Wednesday,15-APR-1942,-,U1, Unknown (UNK),Unknown,Unknown country,-,-, Damaged beyond repair,-,Douglas DC-3A-269C,-,-,1940,-,-, NC25623, 3276,USAAF,Military,-,-,-,-,-,-,-,-,-,-,-,-,-,-,-,-
19420417-0,Friday,17-APR-1942,-,A1, En route (ENR),"near Metz, MO",United States of America,1,0, Damaged beyond repair,-,Ford 4-AT-B Tri-Motor,3,Wright J-5 Whirlwind,1928,-,-, NC5093, 4-AT-20,Private,Ferry/positioning,-,-,-,-,-,-,-,-,-,1,0,0,0,-,-,-
19421129-2,Sunday,29-NOV-1942,-,A1, Unknown (UNK),Mocta Douz,Algeria,-,-, Damaged beyond repair,-,Douglas C-47-DL (DC-3),-,-,1942,-,-, 41-7855, 4354,USAAF,Military,-,-,-,-,-,-,-,-,-,-,-,-,-,-,-,-
19421130-0,Monday,30-NOV-1942,-,A1, Landing (LDG),Buna,Papua New Guinea,-,-, Damaged beyond repair,-,Lockheed 18-40-11 Lodestar,-,-,-,-,-, VHCAH, 18-2125,Australian CAA,Unknown,-,-,-,-,-,-,-,-,-,-,-,-,-,-,-,-
19421201-1,Tuesday,01-DEC-1942,-,O1, Standing (STD),Durban,South Africa,-,-, Damaged beyond repair,-,Short S.23 Empire Flying Boat Mk I,4,Bristol Pegasus Xc,1937,-,-, G-AETX, S.840,BOAC,-,-,-,-,-,-,-,-,-,-,-,-,-,-,-,-,-
19421203-0,Thursday,03-DEC-1942,-,A1, Unknown (UNK),Popondetta,Papua New Guinea,-,-, Damaged beyond repair,-,Douglas C-47-DL (DC-3),-,-,1942,-,-, 41-18571, 4696,USAAF,Military,-,-,-,-,-,-,-,-,-,-,-,-,-,-,-,-
19421205-0,Saturday,05-DEC-1942,-,A1, Unknown (UNK),"5 km (3.1 mls) S of Montgomery-Maxwell Field, AL (MXF)",United States of America,-,12, Damaged beyond repair,-,Douglas C-47-DL (DC-3),-,-,1942,-,-, 41-18494, 4586,USAAF,Military,-,-,-,-,-,-,-,-,-,-,-,-,-,-,-,-
19421206-0,Sunday,06-DEC-1942,-,A1, Unknown (UNK),within Texas,United States of America,-,-, Damaged beyond repair,-,Douglas C-48B (DC-3),2,Pratt & Whitney R-1830-51,1940,-,-, 42-38324, 2223,USAAF,Military,-,-,-,-,-,-,-,-,-,-,-,-,-,-,-,-
19421207-0,Monday,07-DEC-1942,-,A1, Unknown (UNK),unknown,Unknown country,-,-, Damaged beyond repair,-,Douglas C-47-DL,-,-,1942,-,-, 41-18453, 4515,USAAF,Military,-,-,-,-,-,-,-,-,-,-,-,-,-,-,-,-
19421208-0,Tuesday,08-DEC-1942,-,A1, En route (ENR),Mount Menshy Brat,Uzbekistan,8,8, Damaged beyond repair,-,Lisunov Li-2,-,-,1942,-,6.0, CCCP-L5805, 1845805,Aeroflot / Uzbekistan,Ferry/positioning,-,-,-,-,-,Aktyubinsk Airport,AKX,UATT,Kazakhstan,5,3,5,3,-,-,-
19421209-0,Wednesday,09-DEC-1942,-,A1, En route (ENR),410 km (256.3 mls) W off  Ascension Island,Atlantic Ocean,10,10, Damaged beyond repair,-,Consolidated C-87 Liberator Express,-,-,-,-,-, 41-11707, 203,USAAF,Military,-,Natal Airport,NAT,SBNT,Brazil,Georgetown-Wideawake Field,ASI,FHAW,St. Helena,5,5,5,5,-,-,-
19421209-1,Wednesday,09-DEC-1942,-,A1, Approach (APR),Madrid-Barajas Airport (MAD),Spain,24,0, Damaged beyond repair,-,Douglas DC-3-194F,-,-,1939,-,-, D-ABBF, 2110,Deutsche Lufthansa,International Scheduled Passenger,-,Lisboa-Portela de Sacavém Airport,LIS,LPPT,Portugal,Madrid-Barajas Airport,MAD,LEMD,Spain,-,-,0,0,-,-,-
19421211-0,Friday,11-DEC-1942,-,A1, Landing (LDG),"West Palm Beach-Morrison AAF, FL (PBI)",United States of America,-,0, Damaged beyond repair,-,Douglas C-32A (DC-2),-,-,1934,-,-, 42-57228, 1254,USAAF,Military,-,-,-,-,-,West Palm Beach-Morrison AAF,PBI,KPBI,United States of America,-,-,0,0,-,-,-
19421211-1,Friday,11-DEC-1942,-,A1, Unknown (UNK),Popondetta,Papua New Guinea,-,-, Damaged beyond repair,-,Douglas DC-3-391,-,-,1941,-,-, VHCDI, 4083,ADAT,Unknown,-,-,-,-,-,-,-,-,-,-,-,-,-,-,-,-
19421211-2,Friday,11-DEC-1942,-,U1, Unknown (UNK),unknown,Unknown country,-,-, Damaged beyond repair,-,Douglas C-47-DL (DC-3),-,-,1942,-,-, 41-7841, 4340,USAAF,Military,-,-,-,-,-,-,-,-,-,-,-,-,-,-,-,-
19421212-0,Saturday,12-DEC-1942,-,A1, Unknown (UNK),"4 km (2.5 mls) N of Louisville, IN",United States of America,8,8, Damaged beyond repair,-,Douglas C-39 (DC-2),-,-,1939,-,-, 38-514, 2071,USAAF,Military,-,-,-,-,-,-,-,-,-,-,-,-,-,-,-,-
19421213-0,Sunday,13-DEC-1942,-,A1, Unknown (UNK),"off Mokapuu Point, HI",United States of America,8,6, Damaged beyond repair,-,Consolidated PBY-5A Catalina,-,-,-,-,-, 05027,-,US Navy,Military,-,-,-,-,-,-,-,-,-,-,-,-,-,-,-,-
19421213-1,Sunday,13-DEC-1942,-,A1, Unknown (UNK),off Australia,Pacific Ocean,8,0, Damaged beyond repair,-,Consolidated PBY-5A Catalina,-,-,-,-,-, 02966,-,US Navy,Military,-,-,-,-,-,-,-,-,-,8,0,0,0,-,-,-
19421214-0,Monday,14-DEC-1942,-,A1, En route (ENR),off Sicily,Italy,13,7, Damaged beyond repair,-,Junkers Ju 52/3m,-,-,-,-,-, registration unknown, 2902,German AF,Military,-,-,-,-,-,-,-,-,-,3,10,3,4,-,-,-
19421214-1,Monday,14-DEC-1942,-,A1, Landing (LDG),"210 km (131.3 mls) off  Natal, Brazil",Atlantic Ocean,-,-, Damaged beyond repair,-,Consolidated PBY-5A Catalina,-,-,-,-,-, 7245,-,US Navy,Military,-,-,-,-,-,-,-,-,-,-,-,-,-,-,-,-
19421214-2,Monday,14-DEC-1942,-,A1, En route (ENR),50 km (31.3 mls) SW of Tashkent,Uzbekistan,36,36, Damaged beyond repair,-,Tupolev ANT-20bis,8,Mikulin AM-34FRNV,1938,-,272.0, CCCP-L760, -,Aeroflot / Uzbekistan,Domestic Scheduled Passenger,-,Chardzhou Airport,CRZ,UTAV,Turkmenistan,Tashkent Airport,TAS,UTTT,Uzbekistan,-,-,-,-,-,-,-
19421215-1,Tuesday,15-DEC-1942,01:22,A1, En route (ENR),"near Fairfield, UT",United States of America,19,17, Destroyed, Written off (damaged beyond repair),Douglas DC-3A-191,-,-,1936,-,14773.0, NC16060, 1900,Western Air Lines,Domestic Scheduled Passenger,1,Salt Lake City Municipal Airport,SLC,KSLC,United States of America,Las Vegas Airport,LSV,KLSV,United States of America,4,15,4,13,-,-,Final
19421216-0,Wednesday,16-DEC-1942,-,A1, Initial climb (ICL),"Blythe AAB, CA",United States of America,-,-, Damaged beyond repair,-,Douglas C-53 Skytrooper (DC-3),2,Pratt & Whitney R-1830-92,1942,-,-, 42-47379, 7321,USAAF,Military,-,Blythe Airport,BLH,KBLH,United States of America,-,-,-,-,-,-,-,-,-,-,-
19421217-0,Thursday,17-DEC-1942,-,A1, En route (ENR),Pacific Ocean,Pacific Ocean,7,7, Missing, Presumed damaged beyond repair,Consolidated PBY-5 Catalina,-,-,-,-,-, 08135,-,US Navy,Military,-,San Diego-North Island NAS,NZY,KNZY,United States of America,-,-,-,-,7,0,7,0,-,-,-
19421218-1,Friday,18-DEC-1942,-,A1, Approach (APR),near Wien-Aspern Airport,Austria,16,2, Damaged beyond repair,-,Junkers Ju-52/3m,-,-,-,-,-, OY-DAL, 5610,DDL,International Scheduled Passenger,-,København-Kastrup Airport,CPH,EKCH,Denmark,-,-,-,-,3,13,0,2,-,-,-
19421219-1,Saturday,19-DEC-1942,-,A1, Initial climb (ICL),13 km (8.1 mls) off  Kisumu Airport (KIS) [Lake Victoria],Kenya,12,12, Damaged beyond repair,-,Lockheed 18-08-01 Lodestar,-,-,1941,-,-, 248, 18-2057,South African AF,Military,-,Kisumu Airport,KIS,HKKI,Kenya,-,-,-,-,4,8,4,8,-,-,-
19421220-0,Sunday,20-DEC-1942,-,A1, Unknown (UNK),at an unknown location,India,-,-, Missing, Presumed damaged beyond repair,Douglas C-53 Skytrooper (DC-3),-,-,1942,-,-, 41-20098, 4868,USAAF,Military,-,-,-,-,-,-,-,-,-,-,-,-,-,-,-,-
19421220-2,Sunday,20-DEC-1942,-,A1, En route (ENR),"112 km (70 mls) E of Vancouver, BC",Canada,13,13, Destroyed, Written off (damaged beyond repair),Lockheed 14-H2 Super Electra,-,-,1939,-,-, CF-CPD, 1504,Canadian Pacific,Domestic Scheduled Passenger,-,Prince George Airport,YXS,CYXS,Canada,Vancouver International Airport,YVR,CYVR,Canada,2,11,2,11,-,-,-
19421221-1,Monday,21-DEC-1942,-,A1, Unknown (UNK),off Alaska,Pacific Ocean,-,-, Damaged beyond repair,-,Consolidated PBY-5A Catalina,-,-,-,-,-, 7285,-,US Navy,Military,-,-,-,-,-,-,-,-,-,-,-,-,-,-,-,-
19421222-0,Tuesday,22-DEC-1942,-,A1, Unknown (UNK),"New York-La Guardia Airport, NY (LGA)",United States of America,-,-, Damaged beyond repair,-,Consolidated C-87 Liberator Express,-,-,-,-,-, 41-11742, 238,USAAF,Military,-,-,-,-,-,-,-,-,-,-,-,-,-,-,-,-
19421222-1,Tuesday,22-DEC-1942,-,A1, Unknown (UNK),near Yanaul,Russia,12,10, Damaged beyond repair,-,Lisunov PS-84,-,-,1941,-,1954.0, CCCP-L3903, 505,Aeroflot / Uralsk,Domestic Scheduled Passenger,-,Kazan Airport,KZN,UWKD,Russia,Sverdlovsk-Koltsovo Airport,SVX,USSS,Russia,5,7,5,5,-,-,-
19421222-2,Tuesday,22-DEC-1942,-,A1, Unknown (UNK),"10 km (6.3 mls) W of Fairfield, CA",United States of America,5,5, Damaged beyond repair,-,Douglas C-47-DL (DC-3),-,-,1942,-,-, 41-18674, 6080,USAAF,Military,-,-,-,-,-,-,-,-,-,5,0,5,0,-,-,-
19421227-1,Sunday,27-DEC-1942,-,A1, En route (ENR),near Reykjavík/Keflavík-Meeks Field (KEF),Iceland,9,9, Destroyed, Written off (damaged beyond repair),Consolidated PBY-5A Catalina,-,-,-,-,-, 04402, 5..,US Navy,Military,-,Keflavík-Meeks Field,KEF,BIKF,Iceland,-,-,-,-,9,0,9,0,-,-,-
19421230-0,Wednesday,30-DEC-1942,17:15,A1, En route (ENR),"Omagh, Reaghan, Northern Ireland",United Kingdom,11,11, Destroyed, Written off (damaged beyond repair),Consolidated Catalina IB (PBY-5B),-,-,-,-,-, FP239,-,RAF,Military,-,-,-,-,-,-,-,-,-,11,0,11,0,-,-,-
19421231-0,Thursday,31-DEC-1942,-,A1, Landing (LDG),"8 km (5 mls) off  Heceta Head, OR",United States of America,8,7, Damaged beyond repair,-,Consolidated PBY-5A Catalina,-,-,-,-,-, 08100,-,US Navy,Military,-,-,-,-,-,-,-,-,-,-,-,-,-,-,-,-
19421299-2,-,xx-DEC-1942,-,A1, Standing (STD),Pitomnik,Russia,-,-, Damaged beyond repair,-,Junkers Ju-52/3m,-,-,-,-,-, registration unknown, 5457,German AF,Military,-,-,-,-,-,-,-,-,-,-,-,-,-,-,-,-
19429999-0,-,xx-xxx-1942,-,C1, Unknown (UNK),near Dno,Russia,-,-, Damaged beyond repair,-,Douglas DC-2-115E,-,-,1935,-,-, NA+LD, 1355,German AF,Military,-,-,-,-,-,-,-,-,-,-,-,-,-,-,-,-
19429999-10,-,xx-xxx-1942,-,A1, Unknown (UNK),at an unknown location,Germany,-,-, Damaged beyond repair,-,Junkers Ju-52/3m,-,-,-,-,-, D-AHFN, 6047,German AF,Military,-,-,-,-,-,-,-,-,-,-,-,-,-,-,-,-
19429999-13,-,xx-xxx-1942,-,A1, Unknown (UNK),at an unknown location,Germany,-,-, Damaged beyond repair,-,Junkers Ju-52/3m,-,-,-,-,-, D-AGEP, 6386,German AF,Military,-,-,-,-,-,-,-,-,-,-,-,-,-,-,-,-
19429999-14,-,xx-xxx-1942,-,A1, Unknown (UNK),at an unknown location,Germany,-,-, Damaged beyond repair,-,Junkers Ju-52/3m,-,-,-,-,-, D-AGBI, 6659,German AF,Military,-,-,-,-,-,-,-,-,-,-,-,-,-,-,-,-
19429999-15,-,xx-xxx-1942,-,A1, Unknown (UNK),at an unknown location,Germany,-,-, Damaged beyond repair,-,Junkers Ju-52/3m,-,-,-,-,-, D-ARDS, 5919,German AF,Military,-,-,-,-,-,-,-,-,-,-,-,-,-,-,-,-
19429999-16,-,xx-xxx-1942,-,A1, Unknown (UNK),at an unknown location,Russia,-,-, Damaged beyond repair,-,Junkers Ju-52/3mge,-,-,-,-,-, registration unknown, 5026,German AF,Military,-,-,-,-,-,-,-,-,-,-,-,-,-,-,-,-
19429999-17,-,xx-xxx-1942,-,A1, Unknown (UNK),at an unknown location,Germany,-,-, Damaged beyond repair,-,Junkers Ju-52/3m,-,-,-,-,-, D-ABVF, 5954,German AF,Military,-,-,-,-,-,-,-,-,-,-,-,-,-,-,-,-
19429999-19,-,xx-xxx-1942,-,A1, Unknown (UNK),at an unknown location,Germany,-,-, Damaged beyond repair,-,Junkers Ju-52/3m,-,-,-,-,-, D-AXFH, 6372,German AF,Military,-,-,-,-,-,-,-,-,-,-,-,-,-,-,-,-
19429999-3,-,xx-xxx-1942,-,A1, Unknown (UNK),at an unknown location,Russia,-,-, Damaged beyond repair,-,Junkers Ju-52/3mfe,-,-,-,-,-, registration unknown, 4029,German AF,Military,-,-,-,-,-,-,-,-,-,-,-,-,-,-,-,-
19429999-4,-,xx-xxx-1942,-,A1, Unknown (UNK),unknown,Unknown country,-,-, Damaged beyond repair,-,Douglas R4D-1 (DC-3),-,-,1942,-,-, 4696, 4303,USMC,Military,-,-,-,-,-,-,-,-,-,-,-,-,-,-,-,-
19429999-5,-,xx-xxx-1942,-,A1, Unknown (UNK),at an unknown location,Russia,-,-, Damaged beyond repair,-,Junkers Ju-52/3mge,-,-,-,-,-, registration unknown, 5010,German AF,Military,-,-,-,-,-,-,-,-,-,-,-,-,-,-,-,-
19429999-6,-,xx-xxx-1942,-,A1, Unknown (UNK),at an unknown location,Russia,-,-, Damaged beyond repair,-,Junkers Ju-52/3m,-,-,-,-,-, registration unknown, 5072,German AF,Military,-,-,-,-,-,-,-,-,-,-,-,-,-,-,-,-
19429999-7,-,xx-xxx-1942,-,A1, Unknown (UNK),at an unknown location,Russia,-,-, Damaged beyond repair,-,Junkers Ju-52/3mge,-,-,-,-,-, registration unknown, 4054,German AF,Military,-,-,-,-,-,-,-,-,-,-,-,-,-,-,-,-
19429999-8,-,xx-xxx-1942,-,A1, Unknown (UNK),at an unknown location,Russia,-,-, Damaged beyond repair,-,Junkers Ju-52/3mfe,-,-,-,-,-, registration unknown, 4030,German AF,Military,-,-,-,-,-,-,-,-,-,-,-,-,-,-,-,-
19429999-9,-,xx-xxx-1942,-,A1, Unknown (UNK),at an unknown location,Germany,-,-, Damaged beyond repair,-,Junkers Ju-52/3m,-,-,-,-,-, D-ASLG, 6369,German AF,Military,-,-,-,-,-,-,-,-,-,-,-,-,-,-,-,-
19420418-0,Saturday,18-APR-1942,-,A1, Landing (LDG),"Geraldton Airport, WA (GET)",Australia,7,0, Damaged beyond repair,-,Consolidated PBY-5 Catalina,-,-,-,-,-, 2409,-,US Navy,Military,-,-,-,-,-,Geraldton Airport,GET,YGEL,Australia,7,0,0,0,-,-,-
19420419-0,Sunday,19-APR-1942,-,A1, Takeoff (TOF),Freetown-Hastings Airport (HGS),Sierra Leone,-,20, Damaged beyond repair,-,Douglas C-49H (DC-3-228),-,-,1937,-,-, 42-38254, 1993,USAAF,Military,-,Freetown-Hastings Airport,HGS,GFHA,Sierra Leone,-,-,-,-,-,-,-,-,-,-,-
19420419-1,Sunday,19-APR-1942,-,O1, Standing (STD),Cairo-Heliopolis RAF Station,Egypt,-,-, Destroyed, Written off (damaged beyond repair),de Havilland DH.86 Express,-,-,-,-,-, A31-3, 2326,RAAF,Military,-,-,-,-,-,-,-,-,-,-,-,-,-,-,-,-
19420421-0,Tuesday,21-APR-1942,21:30,A1, En route (ENR),"near Pine Creek, NT",Australia,12,12, Damaged beyond repair,-,Lockheed 14-WF62 Super Electra,-,-,-,-,-, VH-ADY, 1498,Guinea Airways,Domestic Non Scheduled Passenger,-,Daly Waters Airport,DYW,YDLW,Australia,-,-,-,-,2,10,2,10,-,-,-
19420421-1,Tuesday,21-APR-1942,-,A1, Unknown (UNK),"10 km (6.3 mls) NNW of Fayetteville-Pope AAF, NC (POB)",United States of America,-,-, Damaged beyond repair,-,Douglas C-50A (DC-3-401),-,-,1941,-,-, 41-7710, 4804,USAAF,Military,-,-,-,-,-,-,-,-,-,-,-,-,-,-,-,-
19420422-1,Wednesday,22-APR-1942,-,A1, En route (ENR),"Breitind, Reipa, Nordland",Norway,18,18, Damaged beyond repair,-,Junkers Ju-52/3mg4e,-,-,-,-,-, P4+HH, 6804,German AF,Military,-,Trondheim-Værnes Airport,TRD,ENVA,Norway,-,-,-,-,-,-,-,-,-,-,-
19420423-1,Thursday,23-APR-1942,-,A1, Takeoff (TOF),"Dutch Harbor NAS, AK (DUT)",United States of America,-,-, Damaged beyond repair,-,Consolidated PBY-5A Catalina,-,-,-,-,-, 7286,-,US Navy,Military,-,Dutch Harbor NAS,DUT,PADU,United States of America,-,-,-,-,-,-,-,-,-,-,-
19420427-0,Monday,27-APR-1942,-,A1, Landing (LDG),"Ogden-Hill AAF, UT (HIF)",United States of America,-,0, Damaged beyond repair,-,Douglas C-33 (DC-2),-,-,1936,-,-, 36-80, 1513,USAAF,Military,-,-,-,-,-,Ogden-Hill AAF,HIF,KHIF,United States of America,-,-,0,0,-,-,-
19420430-0,Thursday,30-APR-1942,-,A1, Unknown (UNK),St. Lucia,Saint Lucia,-,-, Damaged beyond repair,-,Consolidated PBY-5 Catalina,-,-,-,-,-, 2400,-,US Navy,Military,-,-,-,-,-,-,-,-,-,-,-,-,-,-,-,-
19420501-0,Friday,01-MAY-1942,-,C1, Unknown (UNK),40 km (25 mls) N of Ajdabiya,Libya,2,1, Damaged beyond repair,-,Junkers Ju 52/3m,-,-,-,-,-, registration unknown,-,German AF,Military,-,-,-,-,-,-,-,-,-,-,-,-,-,-,-,-
19420501-1,Friday,01-MAY-1942,23:00,A1, Approach (APR),"6 km (3.8 mls) NE of Salt Lake City Municipal Airport, UT (SLC)",United States of America,17,17, Destroyed, Written off (damaged beyond repair),Douglas DST-A-207A (DC-3),2,Pratt & Whitney R-1830-S1C3-G,1938,-,-, NC18146, 1978,United Airlines,Domestic Scheduled Passenger,Trip 4,Oakland Municipal Airport,OAK,KOAK,United States of America,Salt Lake City Municipal Airport,SLC,KSLC,United States of America,3,14,3,14,-,-,Final
19420504-0,Monday,04-MAY-1942,-,A1, Unknown (UNK),"Pearl Harbor, HI",United States of America,-,-, Damaged beyond repair,-,Consolidated PBY-5A Catalina,-,-,-,-,-, 2476,-,US Navy,Military,-,-,-,-,-,-,-,-,-,-,-,-,-,-,-,-
19420504-1,Monday,04-MAY-1942,-,C1, En route (ENR),Bougainville Island,Papua New Guinea,9,0, Damaged beyond repair,-,Consolidated PBY-5 Catalina,-,-,-,-,-, A24-18, 350,RAAF,Military,-,-,-,-,-,-,-,-,-,-,-,0,0,-,-,-
19420506-0,Wednesday,06-MAY-1942,-,A1, Takeoff (TOF),at an unknown location,South Africa,-,-, Damaged beyond repair,-,Lockheed 18-08-01 Lodestar,-,-,1940,-,-, 246, 18-2053,South African AF,Military,-,-,-,-,-,-,-,-,-,-,-,-,-,-,-,-
19420506-2,Wednesday,06-MAY-1942,-,A1, Unknown (UNK),off Misima Island [Coral Sea],Papua New Guinea,9,9, Damaged beyond repair,-,Consolidated PBY-5 Catalina,-,-,-,-,-, A24-20, 386,RAAF,Military,-,-,-,-,-,-,-,-,-,-,-,-,-,-,-,-
19420506-3,Wednesday,06-MAY-1942,-,C1, Standing (STD),Myitkyina Airport (MYT),Myanmar,0,0, Damaged beyond repair,-,Douglas DC-3A-414,-,-,1941,-,-, LR230, 4173,RAF,Military,-,-,-,-,-,-,-,-,-,0,0,0,0,-,-,-
19420506-5,Wednesday,06-MAY-1942,-,A1, Standing (STD),Myitkyina,Myanmar,-,-, Damaged beyond repair,-,Douglas C-49G (DC-3),-,-,1936,-,-, LR231, 1915,RAF,Military,-,-,-,-,-,-,-,-,-,-,-,-,-,-,-,-
19420509-2,Saturday,09-MAY-1942,-,A1, En route (ENR),near Uman,Ukraine,5,5, Damaged beyond repair,-,Junkers Ju-52/3m,-,-,-,-,-, registration unknown,-,German AF,Military,-,-,-,-,-,-,-,-,-,-,-,-,-,-,-,-
19420511-0,Monday,11-MAY-1942,-,A1, Landing (LDG),near Guidonia Montecelio,Italy,-,0, Damaged beyond repair,-,Savoia-Marchetti SM-75RT,-,-,-,-,-, MM65037, 320..,Italian AF,Military,-,Roma-Ciampino Airport,CIA,LIRA,Italy,-,-,-,-,-,-,0,0,-,-,-
19420512-0,Tuesday,12-MAY-1942,-,C1, En route (ENR),at an unknown location,Unknown country,27,27, Damaged beyond repair,-,Lisunov PS-84,-,-,-,-,-, CCCP-L3999,-,Aeroflot,Unknown,-,-,-,-,-,-,-,-,-,5,22,5,22,-,-,-
19420512-1,Tuesday,12-MAY-1942,11:51,A1, Landing (LDG),"Miles City, MT",United States of America,14,3, Damaged beyond repair,-,Douglas DC-3A-269,-,-,1939,-,-, NC21714, 2129,Northwest Orient Airlines,Domestic Scheduled Passenger,-,-,-,-,-,Miles City Municipal Airport,MLS,KMLS,United States of America,-,-,-,-,-,-,-
19420512-2,Tuesday,12-MAY-1942,-,A1, En route (ENR),"9 km (5.6 mls) SE of Kordon, Visim-Shaitanka District, Sverdlovsk Region",Russia,6,6, Damaged beyond repair,-,Lisunov PS-84,-,-,1942,-,-, registration unknown, 1842406,State Aviation Plant No.18,Domestic Non Scheduled Passenger,-,-,-,-,-,-,-,-,-,4,2,4,2,-,-,-
19420512-3,Tuesday,12-MAY-1942,-,C1, En route (ENR),between Malemes and Derna,Mediterranean Sea,4,4, Damaged beyond repair,-,Junkers Ju 52/3m,-,-,-,-,-, 	1Z+GV, 6441,German AF,Military,-,-,-,-,-,-,-,-,-,4,0,4,0,-,-,-
19420513-0,Wednesday,13-MAY-1942,-,A1, Takeoff (TOF),Malta-Luqa Airport (MLA),Malta,-,-, Damaged beyond repair,-,Lockheed 18-10 Lodestar I,-,-,1941,-,-, G-AGCR, 18-2072,BOAC,Unknown,-,Malta-Luqa Airport,MLA,LMML,Malta,-,-,-,-,-,-,-,-,-,-,-
19420514-1,Thursday,14-MAY-1942,-,A1, Landing (LDG),off Saint Lucia,Saint Lucia,-,-, Damaged beyond repair,-,Consolidated PBY-5A Catalina,-,-,-,-,-, 7249,-,US Navy,Military,-,-,-,-,-,-,-,-,-,-,-,-,-,-,-,-
19420516-0,Saturday,16-MAY-1942,-,A1, Unknown (UNK),Tamalkipas,Mexico,-,0, Damaged beyond repair,-,Consolidated PBY-5 Catalina,-,-,-,-,-, 2327,-,US Navy,Military,-,-,-,-,-,-,-,-,-,-,-,0,0,-,-,-
19420518-0,Monday,18-MAY-1942,-,A1, Unknown (UNK),at an unknown location,Unknown country,-,9, Damaged beyond repair,-,Consolidated PBY-5A Catalina,-,-,-,-,-, 05018,-,US Navy,Military,-,-,-,-,-,-,-,-,-,-,-,-,-,-,-,-
19420519-1,Tuesday,19-MAY-1942,-,A1, Takeoff (TOF),Roma-Urbe Airport,Italy,20,20, Damaged beyond repair,-,Savoia-Marchetti SM-75C,-,-,-,-,-, I-MELE, 32052,LATI,International Scheduled Passenger,-,-,-,-,-,-,-,-,-,4,16,4,16,-,-,-
19420522-1,Friday,22-MAY-1942,-,A1, En route (ENR),"Fugloy, Gildeskal, Nordland",Norway,5,5, Damaged beyond repair,-,Junkers Ju-52/3mg4e,-,-,-,-,-, 7U+IK, ATG2863,German AF,Military,-,-,-,-,-,-,-,-,-,-,-,-,-,-,-,-
19420525-0,Monday,25-MAY-1942,03:57,A1, Initial climb (ICL),"NE of Alice Springs, NT (ASP)",Australia,10,10, Damaged beyond repair,-,Douglas C-39 (DC-2),2,Wright R-1820-21,1939,-,-, 38-505, 2062,USAAF,Military,-,Alice Springs Airport,ASP,YBAS,Australia,Daly Waters Airport,DYW,YDLW,Australia,4,6,4,6,-,-,-
19420525-2,Monday,25-MAY-1942,-,A1, Unknown (UNK),unknown,Unknown country,-,-, Damaged beyond repair,-,Douglas C-47-DL (DC-3),-,-,1942,-,-, 41-7728, 4207,USAAF,Military,-,-,-,-,-,-,-,-,-,-,-,-,-,-,-,-
19420526-0,Tuesday,26-MAY-1942,-,A1, Landing (LDG),Johnston Island NAS (JON),U.S. Minor Outlying Islands,8,0, Damaged beyond repair,-,Consolidated PBY-5 Catalina,-,-,-,-,-, 2453,-,US Navy,Military,-,-,-,-,-,Johnston Island NAS,JON,PJON,U.S. Minor Outlying Islands,8,0,0,0,-,-,-
19420530-0,Saturday,30-MAY-1942,-,A1, Unknown (UNK),"1,6 km (1 mls) W of Fish River",Jamaica,-,-, Damaged beyond repair,-,Douglas C-47-DL (DC-3),-,-,1942,-,-, 41-7784, 4271,USAAF,Military,-,-,-,-,-,-,-,-,-,-,-,-,-,-,-,-
19420531-0,Sunday,31-MAY-1942,-,A1, Landing (LDG),South Pacific,Pacific Ocean,-,0, Damaged beyond repair,-,Consolidated PBY-5 Catalina,-,-,-,-,-, 2294,-,US Navy,Military,-,-,-,-,-,-,-,-,-,-,-,0,0,-,-,-
19420531-1,Sunday,31-MAY-1942,-,A1, Unknown (UNK),"off Mare Island, CA, USA",Pacific Ocean,-,-, Damaged beyond repair,-,Consolidated PBY-5 Catalina,-,-,-,-,-, 2393,-,US Navy,Military,-,-,-,-,-,-,-,-,-,-,-,-,-,-,-,-
19420601-0,Monday,01-JUN-1942,-,A1, Unknown (UNK),"E of Half Moon Bay, CA",United States of America,-,8, Damaged beyond repair,-,Consolidated PBY-5 Catalina,-,-,-,-,-, 04439,-,US Navy,Military,-,-,-,-,-,-,-,-,-,-,-,-,-,-,-,-
19420603-0,Wednesday,03-JUN-1942,-,A1, Unknown (UNK),at an unknown location,Unknown country,-,-, Damaged beyond repair,-,Consolidated PBY-5A Catalina,-,-,-,-,-, 46507,-,US Navy,Military,-,-,-,-,-,-,-,-,-,-,-,-,-,-,-,-
19420605-0,Friday,05-JUN-1942,-,A1, En route (ENR),Gulf of Mexico,Atlantic Ocean,9,9, Missing, Presumed damaged beyond repair,Consolidated PBY-5A Catalina,-,-,-,-,-, 05023,-,US Navy,Military,-,-,-,-,-,-,-,-,-,-,-,-,-,-,-,-
19420608-0,Monday,08-JUN-1942,-,A1, Landing (LDG),at an unknown location,Unknown country,-,0, Damaged beyond repair,-,Consolidated PBY-5 Catalina,-,-,-,-,-, 2329,-,US Navy,Military,-,-,-,-,-,-,-,-,-,-,-,0,0,-,-,-
19420608-1,Monday,08-JUN-1942,-,A1, En route (ENR),"NE off Newfoundland, Canada",Atlantic Ocean,10,10, Missing, Presumed damaged beyond repair,Consolidated PBY-5A Catalina,-,-,-,-,-, 04404,-,US Navy,Military,-,-,-,-,-,-,-,-,-,-,-,-,-,-,-,-
19420609-0,Tuesday,09-JUN-1942,-,A1, Takeoff (TOF),"Key West NAS, FL (NQX)",United States of America,-,-, Damaged beyond repair,-,Consolidated PBY-5 Catalina,-,-,-,-,-, 2358,-,US Navy,Military,-,-,-,-,-,Key West NAS,NQX,KNQX,United States of America,-,-,-,-,-,-,-
19420610-0,Wednesday,10-JUN-1942,-,A1, Unknown (UNK),"West Orange, NJ",United States of America,1,1, Damaged beyond repair,-,Ford 4-AT-B Tri-Motor,3,Wright J-5 Whirlwind,1928,-,-, NC5493, 4-AT-22,Atlantic Airmotive,Unknown,-,-,-,-,-,-,-,-,-,1,0,1,0,-,-,-
19420611-1,Thursday,11-JUN-1942,-,A1, En route (ENR),South Atlantic,Atlantic Ocean,9,9, Damaged beyond repair,-,Short Sunderland I,-,-,-,-,-, L5805,-,RAF,Military,-,-,-,-,-,Freetown-Hastings Airport,HGS,GFHA,Sierra Leone,-,-,-,-,-,-,-
19420613-0,Saturday,13-JUN-1942,-,A1, Takeoff (TOF),"off Corpus Christi, TX, Gulf of Mexico",Pacific Ocean,-,-, Damaged beyond repair,-,Consolidated PBY-3 Catalina,-,-,-,-,-, 0879,-,US Navy,Military,-,-,-,-,-,-,-,-,-,-,-,-,-,-,-,-
19420613-1,Saturday,13-JUN-1942,-,A1, Unknown (UNK),at an unknown location,Unknown country,-,-, Missing, Presumed damaged beyond repair,Consolidated PBY-5A Catalina,-,-,-,-,-, 05026,-,US Navy,Military,-,-,-,-,-,-,-,-,-,-,-,-,-,-,-,-
19420613-2,Saturday,13-JUN-1942,-,A1, Approach (APR),"Natal, RN",Brazil,10,7, Damaged beyond repair,-,Consolidated PBY-5A Catalina,-,-,-,-,-, 7252,-,US Navy,Military,-,-,-,-,-,-,-,-,-,-,-,-,-,-,-,-
19420614-0,Sunday,14-JUN-1942,-,A1, En route (ENR),"Kiska Volcano, AK",United States of America,7,7, Damaged beyond repair,-,Consolidated PBY-5A Catalina,-,-,-,-,-, 7298,-,US Navy,Military,-,Kodiak NAS,ADQ,PADQ,United States of America,Kodiak NAS,ADQ,PADQ,United States of America,7,0,7,0,-,-,-
19420614-1,Sunday,14-JUN-1942,-,A1, Landing (LDG),Kolar,India,-,-, Damaged beyond repair,-,Douglas DC-2-120,-,-,1934,-,-, DG473, 1308,RAF,Military,-,-,-,-,-,-,-,-,-,-,-,-,-,-,-,-
19420615-1,Monday,15-JUN-1942,10:15,A1, Takeoff (TOF),"Parkes Airport, NSW (PKE)",Australia,11,0, Damaged beyond repair,-,Douglas DC-2-112,-,-,1934,-,-, A30-7, 1290,RAAF,Military,-,Parkes Airport,PKE,YPKS,Australia,Parkes Airport,PKE,YPKS,Australia,3,8,0,0,-,-,-
19420616-0,Tuesday,16-JUN-1942,-,A1, En route (ENR),Pacific Ocean,Pacific Ocean,-,-, Missing, Presumed damaged beyond repair,Douglas C-53 Skytrooper (DC-3),-,-,1941,-,-, 41-20069, 4839,USAAF,Military,-,-,-,-,-,-,-,-,-,-,-,-,-,-,-,-
19420616-2,Tuesday,16-JUN-1942,-,A1, Takeoff (TOF),"Honolulu-John Rodgers Airport, HI (HNL)",United States of America,-,-, Damaged beyond repair,-,Douglas C-33 (DC-2),-,-,1936,-,-, 36-73, 1506,USAAF,Military,-,Honolulu-John Rodgers Airport,HNL,PHNL,United States of America,-,-,-,-,-,-,-,-,-,-,-
19420618-0,Thursday,18-JUN-1942,-,O1, Standing (STD),"Takla Lake, BC",Canada,-,0, Damaged beyond repair,-,Consolidated 16 Commodore,2,Pratt & Whitney R-1860 Hornet B,-,-,-, NC664M, 08,American Export Airlines,Ferry/positioning,-,-,-,-,-,-,-,-,-,-,-,0,0,-,-,-
19420618-1,Thursday,18-JUN-1942,-,A1, Initial climb (ICL),near Moskva-Khodynka Airport,Russia,21,12, Damaged beyond repair,-,Lisunov PS-84,-,-,1940,-,2041.0, CCCP-L3423, 6505,Aeroflot / Moscow,Domestic Scheduled Passenger,-,-,-,-,-,Kazan Airport,KZN,UWKD,Russia,4,17,3,9,-,1,-
19420618-2,Thursday,18-JUN-1942,-,A1, Approach (APR),near Yelets,Russia,7,5, Damaged beyond repair,-,Lisunov PS-84,-,-,1941,-,1267.0, CCCP-L3484, 1841013,Aeroflot,Unknown,-,-,-,-,-,-,-,-,-,5,2,3,2,-,-,-
19420619-0,Friday,19-JUN-1942,-,A1, Landing (LDG),Trinidad,Trinidad and Tobago,-,12, Damaged beyond repair,-,Consolidated PBY-5 Catalina,-,-,-,-,-, 2399,-,US Navy,Military,-,-,-,-,-,-,-,-,-,-,-,-,-,-,-,-
19420619-1,Friday,19-JUN-1942,-,A1, Takeoff (TOF),"Argentia NAS, NL (NWP)",Canada,-,-, Damaged beyond repair,-,Consolidated PBY-5A Catalina,-,-,-,-,-, 02954,-,US Navy,Military,-,-,-,-,-,-,-,-,-,-,-,-,-,-,-,-
19420619-2,Friday,19-JUN-1942,-,A1, En route (ENR),near Novosibirsk,Russia,4,1, Damaged beyond repair,-,Lisunov PS-84,-,-,1941,-,1111.0, CCCP-L3447, 8504,Aeroflot,Training,-,-,-,-,-,-,-,-,-,4,0,1,0,-,-,-
19420620-0,Saturday,20-JUN-1942,-,A1, Unknown (UNK),at an unknown location,Iceland,-,-, Damaged beyond repair,-,Consolidated PBY-5A Catalina,-,-,-,-,-, 2458,-,US Navy,Military,-,-,-,-,-,-,-,-,-,-,-,-,-,-,-,-
19420623-0,Tuesday,23-JUN-1942,-,A1, En route (ENR),off Skredewick,Sweden,10,0, Damaged beyond repair,-,Lockheed 414 Hudson III,-,-,-,-,-, G-AGDF, 3772,RAF,Passenger,-,Stockholm-Bromma Airport,BMA,ESSB,Sweden,Saint Andrews-Leuchars RAF Station,ADX,EGQL,United Kingdom,-,-,0,0,-,-,-
19420624-0,Wednesday,24-JUN-1942,-,A1, Unknown (UNK),"Camp Williams, WI",United States of America,-,3, Damaged beyond repair,-,Douglas C-49F-DO (DC-3),2,Wright R-1820-71,1937,-,-, 42-56621, 1932,USAAF,Military,-,-,-,-,-,-,-,-,-,-,-,3,0,-,-,-
19420624-1,Wednesday,24-JUN-1942,-,A1, Landing (LDG),Siwa Airport (SEW),Egypt,-,-, Damaged beyond repair,-,de Havilland DH.86A Express,-,-,-,-,-, AX762, 2333,RAF,Military,-,-,-,-,-,-,-,-,-,-,-,-,-,-,-,-
19420625-2,Thursday,25-JUN-1942,-,A1,  (CMB),near Proschorowka,Russia,4,4, Damaged beyond repair,-,Junkers Ju-52/3m,-,-,-,-,-, 1Z+OH, 6554,German AF,Military,-,-,-,-,-,-,-,-,-,-,-,-,-,-,-,-
19420626-0,Friday,26-JUN-1942,-,C1, En route (ENR),"1 km (0.6 mls) E of Ivantsevo, Molvotitsy District",Russia,4,4, Damaged beyond repair,-,Lisunov PS-84,-,-,1941,-,-, CCCP-L3948, 1842007,Aeroflot,Cargo,-,Stockholm-Bromma Airport,BMA,ESSB,Sweden,Kalinin-Migalovo Airport,KLD,UUEM,Russia,4,0,4,0,-,-,-
19420628-0,Sunday,28-JUN-1942,-,A1, En route (ENR),"SW off Dutch Harbor, AK, USA",Pacific Ocean,-,-, Missing, Presumed damaged beyond repair,Consolidated PBY-5 Catalina,-,-,-,-,-, 04459,-,US Navy,Military,-,-,-,-,-,-,-,-,-,-,-,-,-,-,-,-
19420701-0,Wednesday,01-JUL-1942,12:00,A1, En route (ENR),"Welon, WV",United States of America,21,21, Destroyed, Written off (damaged beyond repair),Douglas C-49E (DC-3),-,-,1937,-,-, 42-56093, 1976,USAAF,Military,-,Battle Creek-WK Kellogg Regional Airport,BTL,KBTL,United States of America,Cincinnati Municipal Airport,LUK,KLUK,United States of America,2,19,2,19,-,-,-
19420702-0,Thursday,02-JUL-1942,-,A1, Initial climb (ICL),near Port-Étienne Airport (NDB),Mauritania,3,0, Damaged beyond repair,-,Lockheed 18-07-01 Lodestar,-,-,1940,-,-, F-ARTL, 18-2011,Air France,Unknown,-,Port-Étienne Airport,NDB,GQPP,Mauritania,-,-,-,-,-,-,0,0,-,-,-
19420708-0,Wednesday,08-JUL-1942,-,C1, En route (ENR),"near Bell Rock, Scotland",United Kingdom,10,-, Damaged beyond repair,-,de Havilland DH.86 Express,-,-,-,-,-, AX840, 2314,Royal Navy,Military,-,-,-,-,-,-,-,-,-,-,-,-,-,-,-,-
19420712-0,Sunday,12-JUL-1942,-,U1, Unknown (UNK),unknown,Unknown country,-,-, Damaged beyond repair,-,Douglas C-53-DO (DC-3),-,-,1942,-,-, 42-6455, 4907,USAAF,Military,-,-,-,-,-,-,-,-,-,-,-,-,-,-,-,-
19420714-0,Tuesday,14-JUL-1942,-,A1, En route (ENR),off Alaska,Pacific Ocean,9,9, Missing, Presumed damaged beyond repair,Consolidated PBY-5 Catalina,-,-,-,-,-, 04463,-,US Navy,Military,-,Sand Point Municipal Airport,SDP,PASD,United States of America,-,-,-,-,-,-,-,-,-,-,-
19420714-3,Tuesday,14-JUL-1942,-,A1, En route (ENR),between Townsville and Cooktown,Australia,3,3, Missing, Presumed damaged beyond repair,Lockheed C-60B Lodestar,-,-,1941,-,-, VHCAD, 18-2109,RAAF,Military,-,Townsville Airport,TSV,YBTL,Australia,Cooktown Airport,CTN,YCKN,Australia,3,0,3,0,-,-,-
19420724-1,Friday,24-JUL-1942,-,A1, Unknown (UNK),45 km (28.1 mls) from  Bangalore,India,-,-, Damaged beyond repair,-,Douglas C-32A (DC-2-120),-,-,1935,-,-, AX768, 1406,RAF,Military,-,-,-,-,-,-,-,-,-,-,-,-,-,-,-,-
19420725-0,Saturday,25-JUL-1942,-,A1, Unknown (UNK),"Fort Worth-Meacham Field, TX (FTW)",United States of America,-,-, Damaged beyond repair,-,Douglas R4D-3 (DC-3),-,-,1942,-,-, 05076, 4878,US Navy,Military,-,-,-,-,-,-,-,-,-,-,-,-,-,-,-,-
19420725-1,Saturday,25-JUL-1942,-,A1, En route (ENR),off Egyptian coast,Mediterranean Sea,-,-, Missing, Presumed damaged beyond repair,Short Sunderland I,-,-,-,-,-, L5806,-,RAF,Military,-,-,-,-,-,-,-,-,-,-,-,-,-,-,-,-
19420730-1,Thursday,30-JUL-1942,-,A1, Unknown (UNK),"Dutch Harbor, AK",United States of America,-,-, Damaged beyond repair,-,Consolidated PBY-5A Catalina,-,-,-,-,-, 7291,-,US Navy,Military,-,-,-,-,-,-,-,-,-,-,-,-,-,-,-,-
19420801-1,Saturday,01-AUG-1942,-,A1, En route (ENR),"Langfjorden, Alta, Finnmark",Norway,-,0, Damaged beyond repair,-,Junkers Ju-52/3mg4e,-,-,-,-,-, 7U+LK, ATG2938,German AF,Military,-,-,-,-,-,-,-,-,-,-,-,0,0,-,-,-
19420806-0,Thursday,06-AUG-1942,-,A1, En route (ENR),Espiritu Santo,Vanuatu,8,8, Damaged beyond repair,-,Consolidated PBY-5 Catalina,-,-,-,-,-, 2389,-,US Navy,Military,-,-,-,-,-,-,-,-,-,8,0,8,0,-,-,-
19420808-0,Saturday,08-AUG-1942,-,A1, Landing (LDG),"off Santa Cruz Island, CA",United States of America,-,-, Damaged beyond repair,-,Consolidated PBY-5 Catalina,-,-,-,-,-, 2350,-,US Navy,Military,-,-,-,-,-,-,-,-,-,-,-,-,-,-,-,-
19420808-1,Saturday,08-AUG-1942,-,A1, Unknown (UNK),"Aleutians, AK",United States of America,-,-, Missing, Presumed damaged beyond repair,Consolidated PBY-5A Catalina,-,-,-,-,-, 04980,-,US Navy,Military,-,-,-,-,-,-,-,-,-,-,-,-,-,-,-,-
19420809-0,Sunday,09-AUG-1942,-,A1, Unknown (UNK),"Cape Korrishka, AK",United States of America,-,9, Damaged beyond repair,-,Consolidated PBY-5A Catalina,-,-,-,-,-, 04414,-,US Navy,Military,-,-,-,-,-,-,-,-,-,-,-,-,-,-,-,-
19420810-0,Monday,10-AUG-1942,-,C1, Standing (STD),Stalingrad Airport (VOG),Russia,-,-, Damaged beyond repair,-,Lisunov PS-84,-,-,-,-,-, CCCP-L3492, 1841109,Aeroflot,-,-,-,-,-,-,-,-,-,-,-,-,-,-,-,-,-
19420812-0,Wednesday,12-AUG-1942,-,C1, En route (ENR),near Zhirkov,Russia,6,6, Damaged beyond repair,-,Lisunov PS-84,-,-,-,-,-, CCCP-L3921, 1841212,Aeroflot,Military,-,Stalingrad Airport,VOG,URWW,Russia,-,-,-,-,6,0,6,0,-,-,-
19420813-0,Thursday,13-AUG-1942,-,C1, En route (ENR),near Algiers,Algeria,-,4, Damaged beyond repair,-,Lioré-et-Olivier H.246.1,4,Hispano-Suiza 12Xirs,-,-,-, F-AREJ, 403,Air France,International Scheduled Passenger,-,-,-,-,-,-,-,-,-,-,-,0,4,-,-,-
19420814-0,Friday,14-AUG-1942,-,A1, En route (ENR),"Cape Charles, VA",United States of America,4,4, Destroyed, Written off (damaged beyond repair),Consolidated Catalina IB (PBY-5B),-,-,-,-,-, FP151,-,RAF,Military,-,-,-,-,-,-,-,-,-,4,0,4,0,-,-,-
19420815-0,Saturday,15-AUG-1942,21:30,A1, En route (ENR),"1,6 km (1 mls) E of Garnet Peak, MA",United States of America,20,17, Damaged beyond repair,-,Douglas C-53 Skytrooper (DC-3),2,Pratt & Whitney R-1830-92,1942,-,-, 42-6463, 4915,USAAF,Military,-,-,-,-,-,-,-,-,-,4,16,4,13,-,-,-
19420817-0,Monday,17-AUG-1942,-,C1, Standing (STD),Port Moresby,Papua New Guinea,-,-, Damaged beyond repair,-,Lockheed 18-40-11 Lodestar,-,-,1941,-,-, VHCAG, 18-2123,Australian CAA,Military,-,-,-,-,-,-,-,-,-,-,-,-,-,-,-,-
19420817-1,Monday,17-AUG-1942,-,C1, Standing (STD),Port Moresby,Papua New Guinea,0,0, Damaged beyond repair,-,Lockheed 18-40-11 Lodestar,-,-,1941,-,-, VHCAI, 18-2127,Australian CAA,Military,-,-,-,-,-,-,-,-,-,0,0,0,0,-,-,-
19420817-2,Monday,17-AUG-1942,-,A1, Unknown (UNK),off Sierra Leone,Atlantic Ocean,9,9, Missing, Presumed damaged beyond repair,Short Sunderland I,-,-,-,-,-, L2158,-,RAF,Military,-,-,-,-,-,-,-,-,-,9,0,9,0,-,-,-
19420817-3,Monday,17-AUG-1942,-,C1, Standing (STD),Port Moresby-Seven Mile Aerodrome (POM),Papua New Guinea,0,0, Damaged beyond repair,-,Douglas DC-5-511,2,Wright R-1820-G102A,1940,-,-, VHCXA, 428,ADAT,Military,-,-,-,-,-,-,-,-,-,0,0,0,0,-,-,-
19420819-0,Wednesday,19-AUG-1942,-,A1, Takeoff (TOF),"Coco Solo, Manzanillo Bay",Panama,-,7, Damaged beyond repair,-,Consolidated PBY-5 Catalina,-,-,-,-,-, 04474,-,US Navy,Military,-,-,-,-,-,-,-,-,-,-,-,-,-,-,6,-
19420820-0,Thursday,20-AUG-1942,-,A1, Landing (LDG),Manzanillo Bay,Panama,9,5, Damaged beyond repair,-,Consolidated PBY-5 Catalina,-,-,-,-,-, 04468,-,US Navy,Military,-,-,-,-,-,-,-,-,-,-,-,-,-,-,-,-
19420822-0,Saturday,22-AUG-1942,00:23,A1, Approach (APR),off Gibraltar-North Front RAF Station (GIB),Gibraltar,12,11, Damaged beyond repair,-,Short Sunderland,-,-,-,-,-, W4029,-,RAF,Military,-,-,-,-,-,Gibraltar-North Front RAF Station,GIB,LXGB,Gibraltar,12,0,11,0,-,-,-
19420822-1,Saturday,22-AUG-1942,-,A1, Initial climb (ICL),3 km (1.9 mls) from  Port of Spain-Piarco Airport (POS),Trinidad and Tobago,13,13, Damaged beyond repair,-,Lockheed 14-WF62 Super Electra,-,-,1938,-,-, PJ-AIP, 1410,KLM West-Indisch Bedrijf,International Scheduled Passenger,-,Port of Spain-Piarco Airport,POS,TTPP,Trinidad and Tobago,Curaçao-Hato International Airport,CUR,TNCC,Curaçao,3,10,3,10,-,-,-
19420823-0,Sunday,23-AUG-1942,-,A1, En route (ENR),"Moel-y-Gaer Mountain, Wales",United Kingdom,13,12, Damaged beyond repair,-,Douglas C-47-DL (DC-3),-,-,1942,-,-, 41-7803, 4295,USAAF,Military,-,Prestwick-Heathfield Airport,PIK,EGPK,United Kingdom,-,-,-,-,4,9,4,8,-,-,-
19420823-1,Sunday,23-AUG-1942,-,A1, Unknown (UNK),"near Dahlgren, VA",United States of America,-,9, Damaged beyond repair,-,Consolidated PBY-5A Catalina,-,-,-,-,-, 7255,-,US Navy,Military,-,-,-,-,-,-,-,-,-,-,-,-,-,-,-,-
19420823-2,Sunday,23-AUG-1942,-,A1, Landing (LDG),"Dayton-Wright Patterson AAF, OH (FFO)",United States of America,-,-, Damaged beyond repair,-,Douglas C-47-DL (DC-3),-,-,1942,-,-, 41-18449, 4511,USAAF,Military,-,-,-,-,-,Dayton-Wright Patterson AAF,FFO,KFFO,United States of America,-,-,-,-,-,-,-
19420825-1,Tuesday,25-AUG-1942,13:42,A1, En route (ENR),"near Dunbeath, Scotland",United Kingdom,14,13, Damaged beyond repair,-,Short Sunderland III,-,-,-,-,-, W4026,-,RAF,Military,-,-,-,-,-,-,-,-,-,10,4,9,4,-,-,-
19420826-0,Wednesday,26-AUG-1942,-,A1, Unknown (UNK),"10 km (6.3 mls) SE of Youngsville, LA",United States of America,-,-, Damaged beyond repair,-,Douglas C-47-DL (DC-3),-,-,1942,-,-, 41-38618, 4646,USAAF,Military,-,-,-,-,-,-,-,-,-,-,-,2,-,-,-,-
19420830-0,Sunday,30-AUG-1942,-,A1, En route (ENR),"near Kholokholnya, Staritsa district, Kalinin region",Russia,36,36, Damaged beyond repair,-,Lisunov PS-84,-,-,-,-,-, registration unknown,-,Soviet AF,Military,-,-,-,-,-,-,-,-,-,6,30,6,30,-,-,-
19420904-0,Friday,04-SEP-1942,-,U1, Unknown (UNK),"Washington-Bolling Field, DC (BOF)",United States of America,-,-, Damaged beyond repair,-,Douglas XC-32 (DC-2),-,-,1935,-,-, 36-1, 1414,USAAF,Military,-,-,-,-,-,-,-,-,-,-,-,-,-,-,-,-
19420905-0,Saturday,05-SEP-1942,-,A1, Takeoff (TOF),"Amlia Island, AK",United States of America,-,-, Damaged beyond repair,-,Consolidated PBY-5 Catalina,-,-,-,-,-, 04476,-,US Navy,Military,-,-,-,-,-,-,-,-,-,-,-,-,-,-,-,-
19420907-0,Monday,07-SEP-1942,-,A1, Takeoff (TOF),"Key West NAS, FL (NQX)",United States of America,-,-, Damaged beyond repair,-,Consolidated PBY-5 Catalina,-,-,-,-,-, 2376,-,US Navy,Military,-,Key West NAS,NQX,KNQX,United States of America,-,-,-,-,-,-,-,-,-,-,-
19420907-1,Monday,07-SEP-1942,-,A1, Unknown (UNK),Nuevo Laredo,Mexico,-,-, Damaged beyond repair,-,Douglas DC-3A-228,-,-,1939,-,-, XA-CAB, 2128,Mexicana,Unknown,-,-,-,-,-,-,-,-,-,-,-,-,-,-,-,-
19420907-2,Monday,07-SEP-1942,-,A1, Initial climb (ICL),off Abu Qir,Egypt,13,7, Damaged beyond repair,-,Short Sunderland,-,-,-,-,-, W3927,-,RAF,Military,-,-,-,-,-,-,-,-,-,13,0,7,0,-,-,-
19420913-0,Sunday,13-SEP-1942,-,A1, Takeoff (TOF),"Big Springs Golf Club, KY",United States of America,-,0, Damaged beyond repair,-,Douglas C-52C (DC-3-402),-,-,1941,-,-, 41-7701, 4136,USAAF,Military,-,Louisville-Bowman Field,LOU,KLOU,United States of America,-,-,-,-,-,-,0,0,-,-,-
19420913-1,Sunday,13-SEP-1942,-,A1, Landing (LDG),Adana,Turkey,-,-, Damaged beyond repair,-,de Havilland DH.95 Flamingo,-,-,1940,-,-, G-AFYI, 95012,BOAC,Unknown,-,-,-,-,-,-,-,-,-,-,-,-,-,-,-,-
19420914-1,Monday,14-SEP-1942,19:10,A1, Approach (APR),Port Moresby-Seven Mile Aerodrome (POM),Papua New Guinea,5,5, Damaged beyond repair,-,Douglas DC-2-112,-,-,1934,-,-, A30-5, 1287,RAAF,Military,-,-,-,-,-,Port Moresby-Seven Mile Aerodrome,POM,AYPY,Papua New Guinea,5,0,5,0,-,-,-
19420915-0,Tuesday,15-SEP-1942,-,A1, Takeoff (TOF),Cochin Airport (COK),India,-,-, Damaged beyond repair,-,de Havilland DH.86 Express,-,-,-,-,-, HX789, 2306,RAF,Military,-,Cochin Airport,COK,VOCC,India,-,-,-,-,-,-,-,-,-,-,-
19420916-0,Wednesday,16-SEP-1942,-,A1, Takeoff (TOF),"Fayetteville-Pope AAF, NC (POB)",United States of America,-,-, Damaged beyond repair,-,Douglas C-53-DO (DC-3),-,-,1942,-,-, 42-15872, 7389,USAAF,Military,-,Fayetteville-Pope AAF,POB,KPOB,United States of America,-,-,-,-,-,-,-,-,-,-,-
19420916-4,Wednesday,16-SEP-1942,-,O1, Standing (STD),"Fayetteville-Pope AAF, NC (POB)",United States of America,-,-, Damaged beyond repair,-,Douglas C-47-DL (DC-3),-,-,1942,-,-, 41-18379, 4417,USAAF,Military,-,-,-,-,-,-,-,-,-,-,-,-,-,-,-,-
19420918-0,Friday,18-SEP-1942,-,A1, Landing (LDG),Bilbeis RAF Station,Egypt,-,0, Damaged beyond repair,-,Lockheed 18 Lodestar I,-,-,1940,-,-, AX687, 18-2017,RAF,Military,-,-,-,-,-,-,-,-,-,-,-,0,0,-,-,-
19420919-0,Saturday,19-SEP-1942,-,A1, Unknown (UNK),"8 km (5 mls) W of Blairstown, NJ",United States of America,7,7, Damaged beyond repair,-,Douglas C-47-DL (DC-3),-,-,1942,-,-, 41-18485, 4577,USAAF,Military,-,-,-,-,-,-,-,-,-,7,0,7,0,-,-,-
19420921-1,Monday,21-SEP-1942,-,A1, Landing (LDG),Great Exuma NAS,Bahamas,-,-, Damaged beyond repair,-,Consolidated PBY-5A Catalina,-,-,-,-,-, 7247,-,US Navy,Military,-,-,-,-,-,-,-,-,-,-,-,-,-,-,-,-
19420922-0,Tuesday,22-SEP-1942,-,C1, En route (ENR),NE off Jan Mayen,Atlantic Ocean,8,0, Damaged beyond repair,-,Consolidated Catalina III,-,-,-,-,-, FP525,-,RAF,Military,-,Akureyri Airport,AEY,BIAR,Iceland,Akureyri Airport,AEY,BIAR,Iceland,8,0,0,0,-,-,-
19420923-0,Wednesday,23-SEP-1942,-,A1, En route (ENR),between Kunming and Chabua,Unknown country,-,-, Missing, Presumed damaged beyond repair,Douglas C-53-DO (DC-3),-,-,1942,-,-, 41-20112, 4882,USAAF,Military,-,Kunming-Wujiaba Airfield,KMG,ZPPP,China,-,-,-,-,-,-,-,-,-,-,-
19420924-0,Thursday,24-SEP-1942,-,A1, En route (ENR),"42 km (26.3 mls) SW off  M'bour, Senegal",Atlantic Ocean,19,19, Damaged beyond repair,-,Short S.30 Empire Flying Boat,4,Bristol Perseus XIIc,1939,-,-, G-AFCZ, S.885,BOAC,International Scheduled Passenger,-,-,-,-,-,-,-,-,-,6,13,6,13,-,-,-
19420925-0,Friday,25-SEP-1942,-,A1, Unknown (UNK),"Pensacola NAS, FL (NPA)",United States of America,-,-, Damaged beyond repair,-,Consolidated PBY-2 Catalina,-,-,-,-,-, 0488,-,US Navy,Military,-,-,-,-,-,Pensacola NAS,NPA,KNPA,United States of America,-,-,-,-,-,-,-
19420927-1,Sunday,27-SEP-1942,-,A1, Landing (LDG),Lahore Airport (LHE),Pakistan,-,0, Damaged beyond repair,-,Douglas DC-2-118B,-,-,1934,-,-, AX769, 1367,RAF,Military,-,-,-,-,-,Lahore Airport,LHE,OPLA,Pakistan,-,-,0,0,-,-,-
19420927-2,Sunday,27-SEP-1942,-,A1, En route (ENR),Ameur-el-Aïn,Algeria,25,25, Damaged beyond repair,-,Dewoitine D.342,-,-,-,-,-, F-ARIZ, 01,Air France,International Scheduled Passenger,-,Algiers-Maison Blanche Airport,ALG,DAAG,Algeria,Dakar-Yoff Airport,DKR,GOOY,Senegal,7,18,7,18,-,-,-
19420928-0,Monday,28-SEP-1942,-,A1, En route (ENR),"Pedra Branca, SP",Brazil,15,15, Damaged beyond repair,-,Lockheed 18-10 Lodestar,-,-,1941,-,-, PP-PBG, 18-2100,Panair do Brasil,Domestic Scheduled Passenger,-,Rio de Janeiro-Santos Dumont Airport,SDU,SBRJ,Brazil,São Paulo-Congonhas Airport,CGH,SBSP,Brazil,4,11,4,11,-,-,-
19420928-1,Monday,28-SEP-1942,-,A1, Landing (LDG),"Atka Airport, AK (AKB)",United States of America,-,-, Damaged beyond repair,-,Consolidated PBY-5 Catalina,-,-,-,-,-, 04477,-,US Navy,Military,-,-,-,-,-,Atka Airport,AKB,PAAK,United States of America,-,-,-,-,-,-,-
19420929-0,Tuesday,29-SEP-1942,-,C1, Unknown (UNK),near Mersa Matruh,Egypt,-,1, Damaged beyond repair,-,Junkers Ju 52/3m,-,-,-,-,-, registration unknown, 5480,German AF,Military,-,-,-,-,-,-,-,-,-,-,-,-,-,-,-,-
19420930-0,Wednesday,30-SEP-1942,-,A1, Approach (APR),off Abu Qir,Egypt,12,3, Damaged beyond repair,-,Short Sunderland,-,-,-,-,-, T9050,-,RAF,Military,-,-,-,-,-,-,-,-,-,12,0,3,0,-,-,-
19421001-1,Thursday,01-OCT-1942,09:30,A1, En route (ENR),24 km (15 mls) NW of Coamo,Puerto Rico,22,22, Damaged beyond repair,-,Douglas C-39 (DC-2),-,-,1939,-,-, 38-524, 2081,USAAF,Military,-,-,-,-,-,San Juan-Isla Grande Airport,SIG,TJIG,Puerto Rico,-,-,-,-,-,-,-
19421003-1,Saturday,03-OCT-1942,19:05,A1, Takeoff (TOF),"Botwood, NL",Canada,37,11, Damaged beyond repair,-,Vought-Sikorsky VS-44,4,Pratt & Whitney R-1830-S1C3-G,1942,-,-, NC41880, 4401,American Export Airlines,International Scheduled Passenger,  71,-,-,-,-,Shannon Airport,SNN,EINN,Ireland,11,26,5,6,-,-,-
19421007-0,Wednesday,07-OCT-1942,09:00,A1, Landing (LDG),"Rockhampton Airport, QLD (ROK)",Australia,10,0, Damaged beyond repair,-,Lockheed C-111 Super Electra,-,-,1938,-,-, 44-83235, 1443,USAAF,Military,-,Brisbane-Archerfield Airport,ACF,YBAF,Australia,Rockhampton Airport,ROK,YBRK,Australia,4,6,0,0,-,-,-
19421009-0,Friday,09-OCT-1942,-,A1, Unknown (UNK),within New Caledonia,New Caledonia,-,8, Damaged beyond repair,-,Douglas R4D-1 (DC-3),-,-,1942,-,-, 01981, 4437,US Navy,Military,-,-,-,-,-,-,-,-,-,-,-,-,-,-,-,-
19421010-0,Saturday,10-OCT-1942,-,A1, Takeoff (TOF),Dinjan Airport,India,-,-, Damaged beyond repair,-,Douglas C-53 (DC-3),-,-,1942,-,-, 52, 4902,CNAC,Unknown,-,-,-,-,-,-,-,-,-,-,-,-,-,-,-,-
19421011-0,Sunday,11-OCT-1942,-,A1, Unknown (UNK),"Brisbane-Archerfield Airport, QLD",Australia,-,-, Damaged beyond repair,-,Lockheed 18-40-11 Lodestar,-,-,1941,-,-, VHCAE, 18-2120,Australian CAA,Unknown,-,-,-,-,-,-,-,-,-,-,-,-,-,-,-,-
19421015-0,Thursday,15-OCT-1942,-,A1, Unknown (UNK),"Knobnoster, MO",United States of America,-,-, Damaged beyond repair,-,Douglas C-49E (DC-3-DST),2,Wright R-1820-79,1935,-,17166.0, 42-43619, 1494,USAAF,Military,-,-,-,-,-,-,-,-,-,-,-,-,-,-,-,-
19421016-0,Friday,16-OCT-1942,-,A1, En route (ENR),near Bodinumu,Papua New Guinea,3,3, Damaged beyond repair,-,Douglas C-47-DL (DC-3),-,-,1942,-,-, 41-18585, 4710,USAAF,Military,-,-,-,-,-,-,-,-,-,3,0,3,0,-,-,-
19421019-0,Monday,19-OCT-1942,-,A1, Unknown (UNK),"Fort Randall, AK",United States of America,-,-, Damaged beyond repair,-,Douglas C-53B Skytrooper (DC-3),2,Pratt & Whitney R-1830-92,1941,-,-, 41-20047, 4817,USAAF,Military,-,-,-,-,-,-,-,-,-,-,-,-,-,-,-,-
19421020-0,Tuesday,20-OCT-1942,-,A1, Landing (LDG),"Corpus Christi NAS, TX (NGP)",United States of America,6,2, Damaged beyond repair,-,Consolidated PBY-3 Catalina,-,-,-,-,-, 0907,-,US Navy,Military,-,-,-,-,-,Corpus Christi NAS,NGP,KNGP,United States of America,-,-,-,-,-,-,-
19421022-0,Thursday,22-OCT-1942,-,A1, Initial climb (ICL),Bilbeis RAF Station,Egypt,13,13, Destroyed, Written off (damaged beyond repair),Lockheed Lodestar II,-,-,1941,-,-, EW984, 18-2139,RAF,Int'l Non Scheduled Passenger,-,-,-,-,-,Lydda Airport,TLV,LLBG,Israel,3,10,3,10,-,-,-
19421022-1,Thursday,22-OCT-1942,-,A1, En route (ENR),5 km (3.1 mls) E of Bukovac,Serbia,17,17, Damaged beyond repair,-,Junkers Ju-52/3m,-,-,-,-,-, D-AYGX, 7208,Deutsche Lufthansa,International Scheduled Passenger,-,Budapest-Ferihegy Airport,BUD,LHBP,Hungary,-,-,-,-,3,14,3,14,-,-,-
19421022-2,Thursday,22-OCT-1942,-,A1, En route (ENR),near Tanndorf,Germany,4,4, Damaged beyond repair,-,Junkers Ju 52/3mg4e,-,-,-,-,-, 9P+ES, 6823,German AF,Military,-,-,-,-,-,-,-,-,-,4,0,4,0,-,-,-
19421023-1,Friday,23-OCT-1942,17:15,A1, En route (ENR),"5 km (3.1 mls) N of Palm Springs, CA",United States of America,12,12, Destroyed, Written off (damaged beyond repair),Douglas DC-3-178,2,Wright R-1820-G102,1936,-,-, NC16017, 1555,American Airlines,Domestic Scheduled Passenger,AA28,Hollywood-Lockheed Air Terminal,BUR,KBUR,United States of America,-,-,-,-,3,9,3,9,-,-,Final
19421023-2,Friday,23-OCT-1942,17:15,A2, En route (ENR),"5 km (3.1 mls) N of Palm Springs, CA",United States of America,2,0, Substantial, Repaired,Lockheed B-34 Lexington,-,-,-,-,-, 41-38116, 137-4772,USAAF,Military,-,Long Beach Army Airfield,LGB,KLGB,United States of America,Palm Springs Municipal Airport,PSP,KPSP,United States of America,2,0,0,0,12,-,Final
19421030-1,Friday,30-OCT-1942,-,A1, En route (ENR),"Overlihogda, Ringebu, Oppland",Norway,8,2, Damaged beyond repair,-,Junkers Ju-52/3mge,-,-,-,-,-, 7U+LK, ATG1351,German AF,Military,-,Oslo-Fornebu Airport,FBU,ENFB,Norway,Trondheim-Værnes Airport,TRD,ENVA,Norway,-,-,-,-,-,-,-
19421031-1,Saturday,31-OCT-1942,-,A1, Takeoff (TOF),"Laverton Airport, WA (LVO)",Australia,1,0, Damaged beyond repair,-,Junkers G.31go,-,-,-,-,-, A44-1, 3010,RAAF,Military,-,Laverton Airport,LVO,YLTN,Australia,Laverton Airport,LVO,YLTN,Australia,1,0,0,0,-,-,-
19421099-1,-,xx-OCT-1942,-,A1, Unknown (UNK),Cebu Island,Philippines,-,-, Damaged beyond repair,-,Douglas DC-3 (Nakajima L2D),-,-,-,-,-, J-BIOG,-,Imperial Japanese Airways,Unknown,-,-,-,-,-,-,-,-,-,-,-,-,-,-,-,-
19421101-0,Sunday,01-NOV-1942,-,A1, Unknown (UNK),"Mullins, SC",United States of America,-,0, Damaged beyond repair,-,Douglas C-51 (DC-3-270C),-,-,1941,-,-, 41-7702, 3289,USAAF,Military,-,Florence AAF,FLO,KFLO,United States of America,-,-,-,-,-,-,0,0,-,-,-
19421102-1,Monday,02-NOV-1942,-,A1, Landing (LDG),"Longue-Pointe-de-Mingan, QC",Canada,9,5, Damaged beyond repair,-,Consolidated OA-10 Catalina (PBY-5),-,-,-,-,-, 43-2366, 903,USAAF,Military,-,-,-,-,-,-,-,-,-,-,-,-,-,-,-,-
19421103-0,Tuesday,03-NOV-1942,-,A1, Unknown (UNK),Monte Calino,Italy,5,5, Damaged beyond repair,-,Junkers Ju-52/3m,-,-,-,-,-, registration unknown, 3045,German AF,Military,-,-,-,-,-,-,-,-,-,-,-,-,-,-,-,-
19421104-0,Wednesday,04-NOV-1942,-,A1, Unknown (UNK),"1,6 km (1 mls) E of Allahabad",India,-,-, Damaged beyond repair,-,Douglas C-49H (DC-3),-,-,1941,-,-, LR232, 4130,RAF,Military,-,-,-,-,-,-,-,-,-,-,-,-,-,-,-,-
19421104-1,Wednesday,04-NOV-1942,11:49,A1, En route (ENR),"near Kansas City, MO",United States of America,3,0, Damaged beyond repair,-,Douglas DC-3-209A,-,-,1937,-,-, NC18951, 2015,TWA,Training,-,Kansas City Municipal Airport,MKC,KMKC,United States of America,Kansas City Municipal Airport,MKC,KMKC,United States of America,3,0,0,0,-,-,Final
19421104-2,Wednesday,04-NOV-1942,11:49,A2, En route (ENR),"near Kansas City, MO",United States of America,2,0, Substantial, Repaired,Douglas C-53,-,-,1942,-,-, 41-20116, 4886,USAAF,Military,-,-,-,-,-,-,-,-,-,2,0,0,0,-,-,Final
19421105-0,Thursday,05-NOV-1942,-,A1, Unknown (UNK),East Coast,Greenland,5,0, Damaged beyond repair,-,Douglas C-53 Skytrooper (DC-3),2,Pratt & Whitney R-1830-92,1942,-,-, 42-15569, 7364,USAAF,Military,-,-,-,-,-,-,-,-,-,5,0,0,0,-,-,-
19421105-1,Thursday,05-NOV-1942,-,A1, En route (ENR),"Rendalen, Hedmark",Norway,5,5, Destroyed, Written off (damaged beyond repair),Junkers Ju-52/3mg4e,-,-,-,-,-, 7U+FK, 6101,German AF,Military,-,Oslo-Fornebu Airport,FBU,ENFB,Norway,Lakselv-Banak Air Base,LKL,ENNA,Norway,5,0,5,0,-,-,-
19421105-2,Thursday,05-NOV-1942,-,A1, En route (ENR),near Natunga,Papua New Guinea,8,8, Damaged beyond repair,-,Douglas C-47-DL (DC-3),-,-,1942,-,-, 41-38615, 4643,USAAF,Military,-,-,-,-,-,-,-,-,-,4,4,4,4,-,-,-
19421105-4,Thursday,05-NOV-1942,-,A1, En route (ENR),210 km (131.3 mls) WNW off  Reykjavík,Iceland,9,9, Damaged beyond repair,-,Consolidated Catalina IIIA (PBY-5A),-,-,-,-,-, FP535,-,RAF,Military,-,-,-,-,-,-,-,-,-,9,0,9,0,-,-,-
19421106-0,Friday,06-NOV-1942,-,A1, Unknown (UNK),Manzanillo Bay,Panama,-,-, Damaged beyond repair,-,Consolidated PBY-5 Catalina,-,-,-,-,-, 04454,-,US Navy,Military,-,-,-,-,-,-,-,-,-,-,-,-,-,-,-,-
19421106-1,Friday,06-NOV-1942,-,A1, Landing (LDG),"Lurnea Siding Airstrip, QLD",Australia,22,0, Damaged beyond repair,-,Douglas DC-5-511,2,Wright R-1820-F62,1940,-,-, VHCXB, 424,ADAT,Military,-,Charleville Airport,CTL,YBCV,Australia,-,-,-,-,2,20,0,0,-,-,-
19421106-2,Friday,06-NOV-1942,-,A1, Unknown (UNK),"0,8 km (0.5 mls) NW of Memphis, TN",United States of America,-,-, Damaged beyond repair,-,Douglas C-49D (DC-3),-,-,1941,-,-, 42-68860, 3285,USAAF,Military,-,-,-,-,-,-,-,-,-,-,-,-,-,-,-,-
19421107-0,Saturday,07-NOV-1942,-,A1, Unknown (UNK),Wallis Island,French Polynesia,-,-, Damaged beyond repair,-,Consolidated PBY-5A Catalina,-,-,-,-,-, 02968,-,US Navy,Military,-,-,-,-,-,-,-,-,-,-,-,-,-,-,-,-
19421108-0,Sunday,08-NOV-1942,-,A1, Unknown (UNK),off Spain,Spain,-,-, Damaged beyond repair,-,Douglas C-47-DL (DC-3),-,-,1942,-,-, 41-18355, 4393,USAAF,Military,-,-,-,-,-,-,-,-,-,-,-,-,-,-,-,-
19421108-2,Sunday,08-NOV-1942,-,C1, Unknown (UNK),Sebkra,Morocco,-,-, Damaged beyond repair,-,Douglas C-47-DL (DC-3),-,-,1942,-,-, 41-7814, 4313,USAAF,Military,-,-,-,-,-,-,-,-,-,-,-,-,-,-,-,-
19421109-0,Monday,09-NOV-1942,-,A1, En route (ENR),off Crete,Mediterranean Sea,-,0, Damaged beyond repair,-,Fiat G.12LGA,-,-,1942,-,-, I-FELI, 18,LATI,Cargo,-,-,-,-,-,-,-,-,-,-,-,0,0,-,-,-
19421109-2,Monday,09-NOV-1942,-,A1, Takeoff (TOF),Espirítu Santo,Vanuatu,-,-, Damaged beyond repair,-,Douglas C-47-DL (DC-3),-,-,1942,-,-, 41-18587, 4712,USAAF,Military,-,-,-,-,-,-,-,-,-,-,-,-,-,-,-,-
19421110-0,Tuesday,10-NOV-1942,-,A1, En route (ENR),Mount Obree,Papua New Guinea,23,17, Damaged beyond repair,-,Douglas C-47-DL (DC-3),-,-,1942,-,-, 41-18564, 4689,USAAF,Military,-,-,-,-,-,-,-,-,-,4,19,3,14,-,-,-
19421110-2,Tuesday,10-NOV-1942,-,A1, Unknown (UNK),"10 km (6.3 mls) NW of Lockhart, SC",United States of America,-,3, Damaged beyond repair,-,Douglas C-47-DL (DC-3),-,-,1942,-,-, 41-18613, 4774,USAAF,Military,-,-,-,-,-,-,-,-,-,-,-,-,-,-,-,-
19421111-0,Wednesday,11-NOV-1942,-,A1, Takeoff (TOF),Gibraltar-North Front RAF Station (GIB),Gibraltar,-,-, Damaged beyond repair,-,Douglas C-47-DL (DC-3),-,-,1942,-,-, 41-7856, 4355,USAAF,Military,-,Gibraltar-North Front RAF Station,GIB,LXGB,Gibraltar,-,-,-,-,-,-,-,-,-,-,-
19421111-1,Wednesday,11-NOV-1942,-,U1, Unknown (UNK),Las Palmas,Spain,-,-, Damaged beyond repair,-,Junkers Ju-52/3mge,-,-,-,-,-, EC-AAF, 5851,Iberia,Unknown,-,-,-,-,-,-,-,-,-,-,-,-,-,-,-,-
19421111-2,Wednesday,11-NOV-1942,-,A1, En route (ENR),"ca 400 km off Lisbon, Portugal",Atlantic Ocean,15,0, Damaged beyond repair,-,Douglas C-47-DL (DC-3),-,-,1942,-,-, 41-18353, 4391,USAAF,Military,-,Lands End Airport,LEQ,EGHC,United Kingdom,-,-,-,-,5,10,0,0,-,-,-
19421112-0,Thursday,12-NOV-1942,-,A1, En route (ENR),"off Cooktown, QLD",Australia,4,0, Damaged beyond repair,-,Douglas C-50C,-,-,-,-,-, 41-7695, 4083,USAAF,Military,-,Townsville Airport,TSV,YBTL,Australia,Cooktown Airport,CTN,YCKN,Australia,4,0,0,0,-,-,-
19421113-0,Friday,13-NOV-1942,21:00,A1, Landing (LDG),Plymouth Sound,Atlantic Ocean,16,5, Damaged beyond repair,-,Short Sunderland II,-,-,-,-,-, W6054,-,RAF,Military,-,Gibraltar RAF Station,GIB,LXGB,Gibraltar,-,-,-,-,11,5,0,5,-,-,-
19421113-1,Friday,13-NOV-1942,-,A1, En route (ENR),"Masfjord, Hordaland",Norway,6,6, Damaged beyond repair,-,Junkers Ju-52/3mg5e,-,-,-,-,-, 7U+FH, 6978,German AF,Military,-,-,-,-,-,-,-,-,-,-,-,-,-,-,-,-
19421113-2,Friday,13-NOV-1942,-,A1, Unknown (UNK),Casablanca,Morocco,-,-, Damaged beyond repair,-,Consolidated PBY-5A Catalina,-,-,-,-,-, 7274,-,US Navy,Military,-,-,-,-,-,-,-,-,-,-,-,-,-,-,-,-
19421113-3,Friday,13-NOV-1942,-,A1, Landing (LDG),"Lake Washington, WA",United States of America,8,1, Damaged beyond repair,-,Consolidated PBY-5A Catalina,-,-,-,-,-, 7272,-,US Navy,Military,-,-,-,-,-,-,-,-,-,-,-,-,-,-,-,-
19421113-4,Friday,13-NOV-1942,-,A1, Unknown (UNK),Mediterranean Sea,Mediterranean Sea,-,-, Damaged beyond repair,-,Douglas C-47-DL,-,-,1942,-,-, 41-18469, 4561,USAAF,Military,-,-,-,-,-,-,-,-,-,-,-,-,-,-,-,-
19421113-6,Friday,13-NOV-1942,-,A1, En route (ENR),near Trapani,Italy,20,20, Damaged beyond repair,-,Junkers Ju-52/3m,-,-,-,-,-, G6+AZ, 6536,German AF,Military,-,-,-,-,-,-,-,-,-,5,15,5,15,-,-,-
19421113-8,Friday,13-NOV-1942,-,C1, En route (ENR),between Tunis and Trapani,Mediterranean Sea,-,3, Damaged beyond repair,-,Junkers Ju-52/3m,-,-,-,-,-, G6+AS, 3202,German AF,Military,-,-,-,-,-,-,-,-,-,-,-,-,-,-,-,-
19421113-9,Friday,13-NOV-1942,-,C1, En route (ENR),between Tunis and Trapani,Mediterranean Sea,-,2, Damaged beyond repair,-,Junkers Ju-52/3m,-,-,-,-,-, G6+FN, 6450,German AF,Military,-,-,-,-,-,-,-,-,-,-,-,-,-,-,-,-
19421114-0,Saturday,14-NOV-1942,-,A1, Unknown (UNK),N of Kazanlak,Bulgaria,4,4, Damaged beyond repair,-,Junkers Ju 52/3m,-,-,-,-,-, registration unknown, 7535,German AF,Military,-,-,-,-,-,-,-,-,-,4,0,4,0,-,-,-
19421115-0,Sunday,15-NOV-1942,-,C1, En route (ENR),between Tunisia and Sicily,Mediterranean Sea,4,4, Damaged beyond repair,-,Savoia-Marchetti SM-75C,-,-,-,-,-, I-TELO, 32047,LATI,Military,-,Tunis-Carthage Airport,TUN,DTTA,Tunisia,-,-,-,-,-,-,-,-,-,-,-
19421116-0,Monday,16-NOV-1942,-,A1, Unknown (UNK),near Milano,Italy,-,0, Damaged beyond repair,-,Fiat G.18,-,-,1935,-,-, I-ETNA, 3,ALI,Test,-,-,-,-,-,-,-,-,-,-,-,0,0,-,-,-
19421116-3,Monday,16-NOV-1942,-,C1, Standing (STD),Algiers-Maison Blanche Airport (ALG),Algeria,-,-, Damaged beyond repair,-,Douglas C-53-DO (DC-3),-,-,1942,-,-, 42-47382, 7324,USAAF,Military,-,-,-,-,-,-,-,-,-,-,-,-,-,-,-,-
19421117-0,Tuesday,17-NOV-1942,-,A1, En route (ENR),"15 km (9.4 mls) NW of Dali, Yunnan Province",China,3,3, Destroyed, Written off (damaged beyond repair),Douglas C-47-DL (DC-3),-,-,1942,-,-, 60, 4681,CNAC,Ferry/positioning,-,Kunming-Wujiaba Airfield,KMG,ZPPP,China,-,-,-,-,3,0,3,0,-,-,-
19421117-1,Tuesday,17-NOV-1942,-,A1, Initial climb (ICL),Krasnoyarsk Airport (KJA),Russia,20,20, Damaged beyond repair,-,Lisunov PS-84,-,-,-,-,-, CCCP-L3965, 1841703,Aeroflot,Int'l Non Scheduled Passenger,-,Krasnoyarsk Airport,KJA,UNKL,Russia,-,-,-,-,4,16,4,16,-,-,-
19421117-2,Tuesday,17-NOV-1942,-,A1, Landing (LDG),"Pinto, Magdalena",Colombia,-,0, Damaged beyond repair,-,Curtiss BT-32 Condor II,-,-,-,-,-, 651, 54,Colombian AF,Military,-,-,-,-,-,-,-,-,-,-,-,0,0,-,-,-
19421118-0,Wednesday,18-NOV-1942,-,A1, Takeoff (TOF),Addis Ababa Airport (ADD),Ethiopia,-,-, Damaged beyond repair,-,de Havilland DH.95 Flamingo,-,-,1940,-,-, G-AFYG, 95010,BOAC,Unknown,-,Addis Ababa-Bole Airport,ADD,HAAB,Ethiopia,-,-,-,-,-,-,-,-,-,-,-
19421118-1,Wednesday,18-NOV-1942,-,A1, Landing (LDG),"Dayton-Wright Patterson AAF, OH (FFO)",United States of America,-,-, Damaged beyond repair,-,Douglas DC-3A-191,-,-,1937,-,-, NC16064, 1904,United Airlines,Cargo,-,-,-,-,-,Dayton-Wright Patterson AAF,FFO,KFFO,United States of America,-,-,-,-,-,-,-
19421118-2,Wednesday,18-NOV-1942,-,A1, Landing (LDG),Tébessa Airport (TEE),Algeria,-,-, Damaged beyond repair,-,Douglas C-47-DL (DC-3),-,-,1942,-,-, 41-18378, 4416,USAAF,Military,-,-,-,-,-,Tébessa Airport,TEE,DABS,Algeria,-,-,-,-,-,-,-
19421119-0,Thursday,19-NOV-1942,-,A1, Landing (LDG),Tébessa Airport (TEE),Algeria,-,-, Damaged beyond repair,-,Douglas C-47-DL (DC-3),-,-,1942,-,-, 41-18389, 4427,USAAF,Military,-,-,-,-,-,Tébessa Airport,TEE,DABS,Algeria,-,-,-,-,-,-,-
19421120-0,Friday,20-NOV-1942,-,C1, Standing (STD),Algiers-Maison Blanche Airport (ALG),Algeria,-,-, Damaged beyond repair,-,Douglas C-47-DL (DC-3),-,-,1942,-,-, 41-18369, 4407,USAAF,Military,-,-,-,-,-,-,-,-,-,-,-,-,-,-,-,-
19421120-2,Friday,20-NOV-1942,-,A1, Unknown (UNK),Popondetta,Papua New Guinea,-,-, Damaged beyond repair,-,Douglas C-49-DO (DC-3),-,-,1941,-,-, 41-7685, 3270,USAAF,Military,-,-,-,-,-,-,-,-,-,-,-,-,-,-,-,-
19421121-0,Saturday,21-NOV-1942,08:11,A1, Takeoff (TOF),"Billings, MT",United States of America,2,2, Damaged beyond repair,-,Ford 4-AT-B Tri-Motor,3,Wright J-5 Whirlwind,1928,-,-, NC6892, 4-AT-28,Atlantic Airmotive,Ferry/positioning,-,Billings Municipal Airport,BIL,KBIL,United States of America,-,-,-,-,2,0,2,0,-,-,-
19421123-0,Monday,23-NOV-1942,-,A1, Landing (LDG),"Clinton, MD",United States of America,-,0, Damaged beyond repair,-,Lockheed C-57 Lodestar,-,-,1941,-,-, 41-19731, 18-2118,USAAF,Military,-,Washington-Bolling AFB,BOF,KBOF,United States of America,-,-,-,-,-,-,0,0,-,-,-
19421123-1,Monday,23-NOV-1942,-,A1, En route (ENR),Mediterranean Sea,Italy,4,4, Damaged beyond repair,-,Savoia-Marchetti SM-75,-,-,-,-,-, I-MAGA, 32058,Ala Littoria,International Scheduled Passenger,-,Tripoli-Castel Benito Airport,TIP,HLLT,Libya,-,-,-,-,-,-,-,-,-,-,-
19421124-0,Tuesday,24-NOV-1942,-,A1, Landing (LDG),Myola Lake,Papua New Guinea,-,0, Damaged beyond repair,-,Ford 5-AT-C Tri-Motor,3,Pratt & Whitney R-1340 Wasp,1929,-,-, A45-1, 5-AT-060,RAAF,Military,-,-,-,-,-,-,-,-,-,-,-,0,0,-,-,-
19421124-2,Tuesday,24-NOV-1942,-,C1, Unknown (UNK),Popondetta,Papua New Guinea,-,-, Damaged beyond repair,-,Douglas C-47-DL (DC-3),-,-,1942,-,-, 41-38628, 4731,USAAF,Military,-,-,-,-,-,-,-,-,-,-,-,-,-,-,-,-
19421125-0,Wednesday,25-NOV-1942,11:01,A1, Takeoff (TOF),"Mallacoota Airport, VIC (XMC)",Australia,-,0, Damaged beyond repair,-,Douglas DC-2-171,-,-,1935,-,-, A30-10, 1372,RAAF,Military,-,Mallacoota Airport,XMC,YMCO,Australia,-,-,-,-,-,-,0,0,-,-,-
19421126-0,Thursday,26-NOV-1942,-,A1, Unknown (UNK),"St Joseph, MO",United States of America,-,-, Damaged beyond repair,-,Douglas C-53 Skytrooper (DC-3),-,-,1941,-,-, 41-20065, 4835,USAAF,Military,-,-,-,-,-,-,-,-,-,-,-,-,-,-,-,-
19421126-1,Thursday,26-NOV-1942,-,A1, Landing (LDG),"Exmouth, WA",Australia,9,1, Damaged beyond repair,-,Consolidated PBY-5 Catalina,-,-,-,-,-, 2407,-,US Navy,Military,-,-,-,-,-,-,-,-,-,9,0,1,0,-,-,-
19421126-2,Thursday,26-NOV-1942,-,A1, En route (ENR),"80 km (50 mls) N off  Oahu Island, HI, USA",Pacific Ocean,9,9, Damaged beyond repair,-,Consolidated PBY-5A Catalina,-,-,-,-,-, 02951,-,US Navy,Military,-,-,-,-,-,-,-,-,-,9,0,9,0,-,-,-
19421126-3,Thursday,26-NOV-1942,06:43,A1, Initial climb (ICL),"3 km (1.9 mls) NE of Invergordon, Rosshire, Scotland",United Kingdom,11,11, Destroyed, Written off (damaged beyond repair),Short Sunderland I,-,-,-,-,-, DD851,-,RAF,Military,-,-,-,-,-,-,-,-,-,11,0,11,0,-,-,-
19421126-4,Thursday,26-NOV-1942,-,A1, Unknown (UNK),Port Moresby-Seven Mile Aerodrome (POM),Papua New Guinea,-,-, Damaged beyond repair,-,Douglas C-47-DL (DC-3),-,-,1942,-,-, 41-18560, 4685,USAAF,Military,-,-,-,-,-,-,-,-,-,-,-,-,-,-,-,-
19421126-5,Thursday,26-NOV-1942,-,C1, Unknown (UNK),near Dobodura,Papua New Guinea,4,4, Damaged beyond repair,-,Douglas C-47-DL (DC-3),-,-,1942,-,-, 41-38631, 4734,USAAF,Military,-,-,-,-,-,-,-,-,-,4,0,4,0,-,-,-
19421128-0,Saturday,28-NOV-1942,-,A1, En route (ENR),"S of Iliamna Lake, AK",United States of America,8,8, Damaged beyond repair,-,Douglas C-47-DL (DC-3),-,-,1942,-,-, 41-38635, 4738,USAAF,Military,-,-,-,-,-,Anchorage-Elmendorf AFB,EDF,PAED,United States of America,-,-,-,-,-,-,-
19421129-0,Sunday,29-NOV-1942,-,A1, Unknown (UNK),"Bethel, CT",United States of America,7,2, Damaged beyond repair,-,Douglas C-39 (DC-2),-,-,1939,-,-, 38-516, 2073,USAAF,Military,-,-,-,-,-,-,-,-,-,-,-,-,-,-,-,-
